log2(PTR):genome_id/sample_id,30016-MG-S1_1,30028-MG-S2_1,30092-MG-S3_1,30094-MG-S4_1,30098-MG-S5_1,30103-MG-S6_1,30108-MG-S7_1,30109-MG-S8_1,30139-MG-S9_1,30145-MG-S10_1,30147-MG-S11_1,30160-MG-S12_1,30161-MG-S13_1,30165-MG-S14_1,30177-MG-S15_1,30186-MG-S16_1,30201-MG-S17_1,30202-MG-S18_1,30207_S5_merged_unique,30208_S6_merged_unique,30212-MG-S19_1,30222-MG-S20_1,30233-MG-S21_1,30245-MG-S22_1,30279-MG-S23_1,30292-MG-S24_1,30294-MG-S25_1,30371-MG-S26_1,30378-MG-S27_1,30413-MG-S28_1,30438-MG-S29_1,30444-MG-S30_1,30468-MG-S31_1,30483-MG-S32_1,30522-MG-S33_1,30526-MG-S34_1,30534-MG-S35_1,30535-MG-S36_1,30537-MG-S37_1,30543-MG-S38_1,30554-MG-S39_1,30557-MG-S40_1,30562-MG-S41_1,30566-MG-S42_1,30577-MG-S43_1,30581-MG-S44_1,30582-MG-S45_1,30592-MG-S46_1,30593-MG-S47_1,30623_S8_merged_unique,30627-MG-S48_1,30628-MG-S49_1,30629-MG-S50_1,30641-MG-S51_1,30652-MG-S52_1,30714-MG-S53_1,30754-MG-S54_1,30809-MG-S58_1,30821-MG-S59_1,30837-MG-S60_1,30863-MG-S61_1,30935-MG-S63_1,30966-MG-S65_1,30974-MG-S66_1,31005-MG-S67_1,31013-MG-S68_1,31015-MG-S69_1,31016-MG-S70_1,31022-MG-S71_1,31033-MG-S73_1,31042-MG-S74_1,31048_S11_merged_unique,31051-MG-S75_1,31056-MG-S76_1,31063-MG-S77_1,31078-MG-S78_1,31080-MG-S79_1,31101-MG-S80_1,31109-MG-S81_1,31134_S16_merged_unique,31155-MG-S82_1,31156-MG-S83_1,31171_S18_merged_unique,31185-MG-S84_1,31238-MG-S85_1,31246_S19_merged_unique,31247-MG-S86_1,31258-MG-S87_1,31359_S13_L001_R1_filtered_unique,31368_S25_L001_R1_filtered_unique,31400-MG-S89_1,31426_S49_L001_R1_filtered_unique,31427_S25_merged_unique,31435-MG-S90_1,31482_S26_L001_R1_filtered_unique,31489_S38_L001_R1_filtered_unique,31492_S62_L001_R1_filtered_unique,31499_S86_L001_R1_filtered_unique,31511_S27_L001_R1_filtered_unique,31521_S51_L001_R1_filtered_unique,31524_S63_L001_R1_filtered_unique,31531_S75_L001_R1_filtered_unique,31534_S87_L001_R1_filtered_unique,31537_S16_L001_R1_filtered_unique,31541_S40_L001_R1_filtered_unique,31545_S76_L001_R1_filtered_unique,31550_S88_L001_R1_filtered_unique,31556_S17_L001_R1_filtered_unique,31564_S41_L001_R1_filtered_unique,31566_S53_L001_R1_filtered_unique,31572_S77_L001_R1_filtered_unique,31573_S89_L001_R1_filtered_unique,31574_S6_L001_R1_filtered_unique,31582_S30_L001_R1_filtered_unique,31597_S66_L001_R1_filtered_unique,31598_S78_L001_R1_filtered_unique,31605_S7_L001_R1_filtered_unique,31607_S19_L001_R1_filtered_unique,31619_S43_L001_R1_filtered_unique,31620_S55_L001_R1_filtered_unique,31631_S79_L001_R1_filtered_unique,31634_S91_L001_R1_filtered_unique,31643_S32_L001_R1_filtered_unique,31679_S29_merged_unique,31705_S31_merged_unique,31725_S31_L001_R1_filtered_unique,31760_S34_merged_unique,31764_S35_merged_unique,31768_S37_merged_unique,31791_S38_merged_unique,31817_S41_merged_unique,31849_S80_L001_R1_filtered_unique,31876_S43_merged_unique,31922_S44_merged_unique,31951_S45_merged_unique
1006551.4.patric,,0.5567780008633314,,,,,,,,,,,,,,,,,,,,,,,,,,,,,,,,,,,,,,,,,,,,,,,,,,,,,,,,,,,,,0.850328460246998,,,,,,,,,,,,,,,0.7089225932201166,,,,,,,,,,,,,,,,,,,,0.594491084926576,0.5630426661968697,,,,0.5006608600312196,,,,,,,,,,,,0.5385463666264326,,,,,,,,,,,0.3942307014944015,,,,,,,,,
102684.9.patric,,0.6176565248800232,,,,,,,,,,,,,,,,,,,,,,,,,,,,,,,,,,,,,,,,,,,,,,,,,,0.6058582574218871,,,,,,,,,,,,,,,,,,,,,0.6116331031794708,0.5300742339590608,,,,,,,,,,,,,,,,,,,,,,,,,,,,,,,,,,,,,,,,,,,,,,,,,,,,,,,,,,,,,
1051074.3.patric,0.651905403519502,,0.8400416679717124,,,,1.9379566104559335e-06,,,,0.5595981111615029,,0.3239545801279216,,,,0.6537016542541823,,,,0.40107621962372064,0.6778041080406582,0.6101430494597632,,0.5705132517635639,0.9077308569454492,,,,,0.27528437066323047,0.2616183465461809,,,,,0.5645187535712651,,,,,0.4770416663570869,,,0.32802170328406594,0.4495123093201063,,0.37554296009938515,0.16113999869592655,,,,,,,,0.32832221266150324,,0.3793081258058552,,,0.6811073083843663,,0.2301018294069701,,0.28823432515614994,,,0.4873910937178711,0.340130170571251,,,,,0.42916545129360995,0.3716154748082133,,,0.30238238271547674,,,0.49885576895237516,,0.2511749935374913,,,,0.4558970762863114,,,,,,,,,,,,,,,,,,,,,,,,,,,,,,,,,,,,,,,,,,,,,,,
1150461.5.patric,,,,,,,,,,,,,,,,,,,,,,,,,,,,,,,,,,,,,,,,,,,,,,,,,,,,,,,,,,,,,,,,,,,,,,,,,,,,,,,,,,,,,,,,,,,,,,,,,,,,,,,,,,,,,,,,,,0.7393261276221542,,,,,,,,,,,,,,,,,,,,,
1156433.3.patric,,,,,,,,,,,,,,,,,,,,,,,,,,,,,,,,,,,,,,,,,,,,,,,,,,,,,,,,,,,,,,,,0.611379720389432,,,,,,,,,,,,,,,,,,,,,,,,,,,,,,,,,,,,,,,,,,,,,,,,,,,,,,,,,,,,,,,,,,,,,,,
1297617.4.patric,,,,,,,,,,,,,,,,,,,,,0.1785938496876518,,,,,,0.1323396716294876,,,,,,,,,,,,,,,0.15278266037380261,,,,,0.16957685163652142,,,,,,,,,0.1480369188210185,,,,,,,,,,,,,,,,,,,,,,,,,,,,,,,,0.24662334995182247,,,,,,,,,,,,,,,,,,,,,,,,,,,,,,,,,,,,,,,,,,,,,,,
1302.125.patric,,,,,,,0.6036498032352976,,,,,,,,,,,,,,,,,,,,,,,0.8961949635109803,,,,,,,,,,,,,0.5924342624612708,,,,,,,,,,,,,,0.6580807748695527,,,,,,,,,,,,,,,,,,,,1.0397582873358127,,,,,,,,,,,,,,,,,,,,,,,,,,,,,,,,,,,,,,,,,,,,,,,,,,,,,,,,,,
1304.245.patric,,,,,,0.5093544619378801,1.3101688912243548,0.9982370460951565,,,1.0275101453323463,,,,,,0.7398766755334557,,,,1.0882149689308145,,,,1.087605033973313,0.8876015621562166,,,,1.0279328904118568,0.8782303410144239,0.955276421395828,,,,,,,,,,0.9821227077800667,,,0.8041464040296054,,,,0.9975773370836797,,,0.8553237324607846,0.897401250079367,,,0.9478885854420491,1.1366201341761801,0.8759751451330119,0.9776261256264851,,1.054672199203452,,,,1.0976027107831487,,1.1372927163914768,,,0.8605677418885503,,,,0.863105529707123,1.0202227116544982,,1.0651399329359703,,0.9662732344128919,,0.932736168623377,,,,,1.1060273659367041,,1.036742498971872,,,0.996515127063584,,,1.00578639787479,,,,,,,,,,,,,,,,,,,,,,,,,,,,,,,,,,,,,,,,,
1309.102.patric,,,,,,,0.5418644981083444,,,,,,,,,,,,,,,,,,,,,,,,0.6528009333662314,,,,,,,,,,,,,,,,,,,,,,0.6822402736348542,,,0.4867563254370354,,,,,,,,,,,,,,0.413594594071582,,,,,,,,,0.4392305543624559,,,,,,,,,,,,,,,,,,,,,,,,,,,,,,,,,,,,,,,,,,,,,,,,,,,,,,,,
1335613.4.patric,,,,,,,,,,,,,,,,,,,,,,,,,,,,,,,,0.8010620986567055,,,,,,,,,,,,,,,,,,,,,,,,,,,,,,,,,,,,,,,,,,,,,,,,,,,,,,,,,,,,,,,,,,,,,,,,,,,,,,,,,,,,,,,,,,,,,,,,,,,,,,,
1351.389.patric,,,0.21479578034477814,0.32089948709024396,,,,,,,,,0.20187951718609629,,,,,,,0.2561169694108322,,0.26955169976029414,,,0.2062347465865233,0.3295879743114356,,,,,,,,,,,,,,,,,,,,,,,,,,,,,,,,,0.5863730889597931,,,,,0.3755919247097196,0.4081116736983191,,,0.3657402645801827,4.4523961317214315e-08,,,,,,,,,,,,,,,,,,,0.21434390905578546,,,0.42805369663383763,,,,,,,,,,,,,,,,,0.5797393229413123,,,,,,0.184581354793793,,,,,,,,,,,,,,,,,,,,,
1360.91.patric,,,,,,,,,,,,,,,,,,,,,,,,,,,,,,,,,,,,,,,,,,,,,,,,,0.36598676362263555,,,,,,,,,,,,,,,,,,,,0.3625218109401742,,,,,,,,,,,,,,,,,,,,,,,,,,,,,,,,,,,,,,,,,,,,,,,,,,,,,,,,,,,,,,,,,,
137591.32.patric,,,,,,,,,,,,,,,,,,,,,,,,,,,,,,,,,0.3404579464433397,,,,,,,,,,,,,,,,0.350742886585283,,,,,,,,,,,,,,,,,,,,,,,,,,,,,,,,,,,,,,,,,,,,,,,,,,,0.42795175750132647,,,,,,,,,,,,,,,,,,,,,,,,,,,,,,,,,,,
1385939.3.patric,,,,0.25771793435197504,,,,,,,,,,,,,,,,,,,0.7479707899552911,,,,,,,,,,,,,,,,,,,,,,,,,,,,,,,,0.48635394665807213,,0.1971377468722172,0.3155108562352612,,0.11007935324606266,,,0.7023193833922312,,,,,,,,,,,,,,,,,,,,,,,0.43869862736337817,,,,,,,,,,,,,,0.43419503032648377,,,,,,,,,,,,,,,,,,,,,,,,,,,,,,,,,,,
1496.843.patric,,,,,,,,,,,,,,,,,,,,,,,,,,,,,,,,,,,,,,,,,,,,,,,,,,,0.23226942524310085,,,,,,,,,,,,,,,,,,,,,,,,,,,,,,,,,,,,,,,,,,,,,,,,,,,,,,,,,,,,,,,,,,,,,,,,,,,,,,,,,,,,
1590.269.patric,,,,,,,,,,,,,,,,,,,,,,,0.7150190371206115,,,,,,,,,,,,,,,,,,,0.5999509405313073,,,,,,,,,,,,,,,,,,,,,,,,,,,,,,,,,,,,,,,,,,,,,,,,,0.6562726631696401,,,,,,,,,,,,,,,,,,,,,,,,,,,,,,,,,,,,,,,,,,,,
167968.3.patric,,,,,,,,,,,,,,,,,,,,,,,,,,,,,,0.16323066760708793,,,,,,,,,,,,,,,,,,,,,,,,,,,,,,,,,,,,,,,,,,,,,,,,,,,,,,,,,,,,,,,,,,,,,,,,,,,,,,,,,,,,,,,,,,,,,,,,,,,,,,,,,
1736.8.patric,,,,,,,,,,,,,,,,,,,,,,,,,,,,,,,,,,,,,,,,,,,,0.23396550610694092,,,,,,,,,,,,,,6.462715013171292e-07,,,,,,,,,,,,,,,,,,,,,,,,,,,,,,,,,,,,,,,,,,,,,,,,,,,,,,,,,,,,,,,,,,,,,,,,,,,,,
1752.46.patric,,,,,,,,,,,,,,,,,,,,,,,,,,,,,,,,,,,,,,,,,,,,,0.12734141558467227,,,,,,,,,,,,,,,,,,,,,,,,,,,,,,,,,,,,,,,,,,,,,,,,,,,,,,,,,,,,,,,,,,,,,,,,,,,,,,,,,,,,,,,,,,
1759399.3.patric,,,,,,,,,,,0.8144398195210456,,,,,,,,,,,0.8878623766047544,,,,,,,0.6379603073152049,,,,,,,,,,,,0.697401545672022,,,,,,,,,,,,,,,,0.7179646663520269,,,,,,,0.5293367110273733,0.8928584678332722,,,,,,,,,,,,,,,,,,,,,,,,,,,,,,,,,,,,,,,,,,,,,,,,,,,,,,,,,,,,,,,,,,,,,,
1796616.4.patric,,,,,,,,,,,,,,,,,,,,,,,,,,,0.5564735568349121,,,,,,,,,,,,,,,,,,,,,,,,,,,,,,,,,,,,,,,,,,,,,,,,,,,,,,,,,,,,,,,,0.3959739815815626,,,,,,,,,,,,,,,,,,,,,,,,,,,,,,,,,,,,,,,,,,,,
2540341130.img,,0.7303735710069743,,,,,,,,,,,,,,,,,,,,,,,,,,,,,,,,,,,,,,0.48269675316470556,,,,,,,,,,,,,,,,,,,,,,,0.36739541827887606,,,,,,,,,,,,,,,,,,,,,,,,,,,,,,,,,,,,,,,,,,,,,,,,,,,,,,,,,,,,,,,0.3056085573088333,,,,,0.28584930519543283,,,,
2554235311.img,,,,,,,,,,,,,,,,,,,,,,,,,,,,,,,,,0.3319217914162107,,,,,,,,,,,,,,,,,,,,,,,,,,,,,,,,,,,,,,,,,,,,,,,,,,,,,,,,,,,,,,,,,,,,,,,,,,,,,,,,,,,,,,,,,,,,,,,,,,,,,,
272621.13.patric,,,,,,,,,,,,,,0.3282584397112436,,,,,,,,,,,,,,,,,,,,,,,,,,,,,,,,,,,,,,,,,,,,,,,,,,0.0804860815924052,,,,,,,,,,,,,,,,,,,,,,,,,,,,,,,,,,,,,,,,,,,,,,0.4816862603767973,,,,,,,,,,,,,,,,,,,,,,,,,
28025.10.patric,,,,,,,,,,,,,,,,,,,,,,,,,,,,,,,,0.5662809180560262,,,,,,,,,,,,,,,,,,,,,,,,0.488225458570601,,,,,,,,,,,,,,,,,,,,,,,0.5258370812483593,,,,,,,,,,,,,,,,,,,,,,,,,,,,,,,,,,,,,,,,,,,,,,,,,,,,,,,,
296.9.patric,,,,,,,,,,,,,,,,,,,,,,,,,,,0.6967527932888001,,,,,,,,,,,,,,,,,,,,,,,,,,,,,,,,,,,,,,,,,,,,,,,,,,,,,,,,,,,,,,,,,,,,,,,,,,,,,,,,,,,,,,,,,,,,,,,,,,,,,,,,,,,,
349741.6.patric,,,,,,,,,,,,,,,,,,,,,,,,,,,,,,,,,,,,,,,,,,,,,,,,,,,,0.36517532182288004,,,,,,,,,,,,0.4320193094104792,,,,,,,,0.47151151864217733,,,,,,,,,,,,,,,,,,,,,,,,,0.21169564878796363,,,,,,,,,,,,,,,,,,,,,,,,,,0.3608560138564143,,,,,,,,,,,,
39950.5.patric,,0.28877546100495083,,,,,,,,,,,,,,,,,,,,,,,,,,0.1627222680995936,,,,,,,,,,,,,,,,,,,,,,,,,,,,,,,,,,,,,,,,,,,,,,,,,,,,,,,,,,,,,,,,,,,,,,,,,,,,,,,,,,,,,,,,,,,,,,,,,,,,,,,,,,,
43675.28.patric,,,,,,,,,,,0.9670613888976209,,,,,,,,,,,,,,,,,,,,,,,,,,,,,,0.7688511059921199,,,,,,,,,,,,,,,,,,,,,,,0.7573022800811826,,,,,,,,,,,,,,,,,,,,,,,,,,,,,,,,,,,,,,,,,,,,,,,,,,,,,,,,,,,,,,,,,,,,,,,
469595.8.patric,,,0.1749944994243281,,,,1.0516681602226219,,,,,,,,,,,,,,,,,,,,,,,,,,,,,,,,,,,,,,,,,,,,,,,,,,,,,,,,,,,,,,,,,,,,,,,,,,,,,,,,,,,,,,,,,,,0.3700384010060156,0.541261010217361,,,,,,,,,,,,,,,,,,,,,,,,,,,0.44981650484378183,,,,,,,,,
47715.310.patric,,,,0.12827979326314537,,,,,,,0.2958344063426193,0.3271872119915363,,,0.5583365934880827,,0.6147450092460619,,,,,0.21809020013784391,,,0.17104223415276834,,0.5653675049532282,,,0.3245442543754865,,,0.29707033216271317,0.1378149397107011,,,,,,,,,,,,,,,,,,,,,,,0.5601985752139588,0.11198567734970036,,,,,,,0.2290089809714188,,,,0.10521689704688547,0.42179875053024996,,,,,0.43025458533154964,,0.4511239366951889,,0.3290700106574784,,,,,0.22110047624381282,,,,,,,0.4311279663884032,,,,,,0.4402436260542432,,,,0.5031237084528338,,,,,,,,,,,,,,,,,,,,,,,,,,,,,,4.190363652864765e-06,,,,
484020.3.patric,,,,,,,,,,,,,,,,,,,,,,,,,,,,,,,,0.6983206479504542,,,,,,,,,,,,,,,,,,,,,,,,,0.476336197802329,0.13591564662754896,,,,,,,,,,,,,,,,,,,,0.1683324121275966,,,,,,,,,,,,,,0.3760674430249249,,,,,,,,,,,,0.4149850850263427,,,,,,,,,,,,,,,,,,,,,,,,,,,,,,,
545.11.patric,,,,,,,,,,,,,,,,,,,,,,,,,,,,,,,,,,,,,,,,,,,,,,,,,,,,,,,,,,,,,,,,,,,,0.4045849547373306,,,,,,,,,,,,,,,,,,,,,,,,,,,,,,,,,,,,,,,,,,,,,,,,,,,,,,,,,,,,,,,,,,,
550.150.patric,,,,,,,,,,,,,,,,,,,,,,,,,,,,0.034423028628649585,,,,,,,,,,,,,,,,,,,,,,,,,,,,,,,,,,,,,,,,,,,,,,,,,,,,,,,,,,,,,,,,,0.5816850310158072,,,,,,,,,,,,,,,,,,,,,,,,,,,,,,,,,,,,,,,,,,
568816.4.patric,,,,,0.12102045825737522,,,,,,,,,,,,,,,,,,,,,,,,,,,,,,,,,,,,,,,,,,0.24508126130530286,,,,,,,,,,0.08859112623684612,0.17111087974122607,,,,,,,0.19302043530501636,,,,,,,,0.3788756076425235,,,,0.30691079223102896,0.2829395049303279,,,,,,,,,0.41337414778694764,,,,,,,,,,,,,,,,,,,,,,,,,,,,,,,,,,,,,0.043755855612235155,0.2139937932679663,,,,,,,,,,
650716026.img,,,,,,,,,,,,,,,,,,,,,,0.4257689681244024,,,,,,,,,,,,,,,,,,,,,,,,,,,,,,,,,,,,,,,,,,,,,,,,,,,,,,,,,,,,,,,,,,,,,,,,,,,,,,,,,,,,,,,,,,,,,,,,,,,,,,,,,,,,,,,,,
657309.4.patric,,,,,,,,,,,,,,,,,,,,4.0029276879868885e-05,,,,,,,,,,,,,,,,0.0489146096824418,,0.03334192202969713,,,,,,3.5420239941865104e-06,,,0.10965218142754078,,,,,0.030750488552019138,0.12882460553583908,,,,,,,,,,,,,,,,,,,,1.9159232477501477e-05,0.10800041729988036,,,,0.040840413223276875,,,0.16413731861098588,,,,,,8.916647649451102e-07,,,,,0.6453083592140091,,0.0829994905961267,,,,,,,,,,,,,,,,,,,,,,,,7.0982993738698245e-06,,,,,,,,,,,,,,,,,
657314.3.patric,,,,,,,,,,,,,,,,,,,,,,,,,,,,,,,,,,,,,,,,,,,,,,,,,,,,,0.7147615864947183,,,,,,,,,,,,,,,,,,,,,,,,,,,,,,,,,,,,,,,,,,,,,,,,,,,,,,,,,,,,,,,,,,,,,,,,,,,,,,,,,,
657319.15.patric,,,,,,,,,,,,,,,,,,,,,,,,,,,,,,,,,,,,0.07797996506979545,,,,,,,,,,,,,,,,0.1970338831164409,,,,,,,,,,,,,,,,,,,,,,,,,,,,,0.18852410244906248,,,,,,,,,,,,,,,,,,,,,,,,,,,,,,,,,,,,,,,,,,,,,,,,,,,,,,
709991.3.patric,,,,,,,,,,,,,,,,,,,,,,,,,,,,,,,,,,,,,,,,,,,,,,,,,,,,,,,,,,,,,,,,,,,,,,,,,,0.17360109144370856,,,,,,,,,,,,,,,,,,,,,,,,,,,,,,,,,,,,,,,,,,,,,,,,,,,,,,,,,,,,,
73098.4.patric,,,,,,,,,,,,,,,,,,,,,,,0.6835762413210857,,,,,,,,,,,,,,,,,,,,,,,,,,,,,,,,,,,,,,,,,,,,,0.3716057931179391,,,,,,,,,,,,,,,,,,,,,,,,,,,,,,,,,,,,,,,,,,,,,,,,,,,,,,,,,,,,,,,,,,,
824.5.patric,,,,,,,,,,,,,,,,,,,,,,,,,,,,,,,,,,,,,,,,,0.6757586430372975,,,,,,,,,,,,,,,,,,,,,,,,,,,,,,,,,,,,,,,,,,,,,,,,,,0.4944663938688668,,,,,,,,,,,,,,,,,,,,,,,,,,,,,,,,,,,,,,,,,,,,
83684.5.patric,,,,,,,,,,,,,,,,,,,,,,,,,,,,,,0.4735447682067636,,,,,,,,,,,,,,,,0.4721466745176172,,,,,,,,,,,,,,,,,,,,,,,,,,,,,,,,,,,,,,,,,,,,,0.5583184560684686,,,,,,,,,,,,,,,,,,,,,,,,,,,,,,,,,,,,,,,,,,,,
890402.3.patric,,,,,0.44108028211273276,,,0.5042596387040197,0.3075685999746729,,,0.2491987987893608,,,0.6295541250806426,,0.670969632210934,,,,0.6402632031009847,,,,,,0.8103175923609347,,,,0.7505765767466944,0.6452196319703019,,,,0.5645246085951604,,,,,0.5003201354701249,0.7785333675374497,,0.4965659517748123,,,,,0.6978941054268777,,,0.6423318509740674,0.5061852702771455,,,0.6732156572210658,0.5506862393708533,0.47200282671289445,0.653410046686595,,,,,0.4771400147368807,,0.744765180063339,,,,,,0.4901950505651453,0.3294842134705396,,,,,0.5871376485421581,0.5057648690123079,,0.6221494173027777,,,,0.526749525665406,0.38686520716418155,0.6203051460471821,0.19201029043524856,,0.9494779754792074,,,,0.8591308556910957,,,,,,,,,,,,,,,,0.6299099750486573,,,,,,,,,,,,,,,,,,,0.7870604331264027,,,,,,
981540.3.patric,,,,,0.4264449882553989,,,,,,,,,,,,,,,,,,,,,,,,,,,,,,,,,,,,,,,,,,,,,,,,,,,,,,,,,,,,,,,,,,,,,,,,,,,,,,,,,,,,,,,,,,,,,,,0.5695774394235229,,,,,,,,,,,,,,,,,,,,,,,,,,,,,,,,,,,
1035185.3.patric,,,,,0.6326574180448754,,1.7561137275629752,,,,1.1962108477982778,,,,,,,,,,1.5035689371612904,,,,,1.2165817262762664,,,0.7542947077675917,,,1.0027441635410546,,,,,,,,,,,1.026213961480774,,,1.2868618182357463,,,1.6005038626582322,,,,,,,,0.9835740873178503,,1.0111757320411643,,,,,1.152635546657097,1.210212014614896,,,,,1.00464880472363,,,,,,,0.9090048564682351,,,,,,,,,,,,,,0.6958360156362784,,,,,,,,,,,,,,,,,,,,,,,,,,,,,,,,,,,,,,,,,,,,
1073375.3.patric,,0.9023264174202528,,0.7646695791235588,0.4163337659954236,,0.9946768651466354,,,,0.9930644749266818,,,,,,0.2776688592295935,1.0404987493418527,,,1.0016859567433367,,,0.46484169802963254,,,0.26412090485608275,,0.9366728930963318,,1.0483638778735136,0.9042416388255496,1.0406143405896917,1.0546370550915427,,,,,0.3861388844222203,1.1484700683096731,0.9947781743470635,,1.039154706634265,,0.38787176657182093,,,0.28827911712140186,0.8695368498711685,,0.9013375839380715,0.6716410673757489,,0.30441304303380345,1.056852904270389,,0.8372102063558262,0.16584694189691712,0.9241064682778051,0.4544103713464388,1.0436414773518141,0.4684468857849321,,,0.9015018535381206,0.8268813208528115,0.4927105062889707,0.8818242505636589,,0.8749325294934297,0.8335061421317621,,0.301139513366031,0.7217867447226852,0.8320903520189197,0.4825777370180165,,0.40995610600725196,0.8730435676925266,0.8707318599683356,,,,,1.0162636739092439,0.550475429427701,0.2259408681070824,0.9302965941509213,,,0.8022615992365405,,0.1414821980203246,0.7084557701236521,0.8932814018183289,,,,0.9074943638925783,,,,,,,0.4686675771274815,,,,,,,,,,,,,,,,,,,,,,,,0.6602683978634664,,,,,
1121101.3.patric,,,,,,,,,,,,,,,,,,,,,,,,,,,,,,,,,,,,,,,,,,,,,,,,,,,,,,,,,,,,,,,,,,,,,,,0.38733331729936504,,0.3027513547666638,,0.45492609530541284,,,0.419175763777501,0.39576545302060334,,,,,,,,0.30559132257748084,0.46401857909564187,,,,,,,0.3871509464606484,,,,,,,,,,,,,,,,,,,,,,,,,,,,,,,,,,,,,,,,
1128111.23.patric,,,,,,,0.9663345677037245,,,,,,,,,,,,,,,,,,,,,,0.7324132885644091,,,,,,,,,,,,0.8750909744105019,,,,,,,,0.7113357197336718,,,,0.7689224260261215,,,,,,,,,,,,,,,,,,,,,,,,,,,,,0.7293169218822665,,,,,,,,,0.6880688019981321,0.5864118013994944,,0.7350981300787556,,,,,,,,,,,,,,,,,,,,,,,,,,,,,,,,0.566693219381052,,,,,,,,,
1169349.3.patric,,2.562950469933886,,,,3.7838364582735866,,,,2.691799563480244,,,2.7927876918734253,,,,,,,,,,,,2.7808862795004377,,,,,,2.625693885916177,,2.3166170660311645,3.295206142559454,,,,,,2.684442261178119,,,3.2346708617778286,,,,,,,,2.468881959578188,,,,,,,,,,,,,,,,,2.4251846810797297,,,,,,,,,2.569492731758801,,,,,,,,,,,,,,,,,,,,,,,,,,,,,,,,,,,,,,,,,,,,,,,,,,,,,,,,,2.0794360706376325,
1203465.3.patric,,,,,,,,,,,,,,,,,,,,,,,,,,,,,,,,,,,,1.4235398119970368,,,,,,1.2237801297342812,,1.4301994424321844,,,,,,,,,,,,1.2673276222793486,,,,,,,1.9425466514357421,,,,,,,,,,,,,,,,,,1.4932917383294813,,,,,,,,,,,,,,,,,,,,,,,,,,,,,,,,,,,,,,,,,,,,,,,,,,,,,,
1203556.3.patric,,,,,0.6655733704478711,,0.9119534524348506,,,,,,,,,,,,,,,,,,,,,,,,,,,,,,,,,,,,,,,,,,1.0511960765925457,,,,,,,,,,,,,,,,,,,,,,,,,,,,0.6196639242900613,,0.883073163246127,,,,,,,,,0.8301256989453146,,,,,,,,,,,,,,,,,,,,,,,,,,,,,,,,,,,,,,,,,,,,,,,
1211819.3.patric,,,,,,,,0.8174741761102589,,,,,,0.7676645163359271,,,,,,,,,,0.5135839490021372,,,,,,,,,,,,,,,,,,,,,0.6698395319178545,,,0.6036724757812602,,,,,,,,,,,,,,,,,,,,,,,,,,,,0.5696531046198562,,,,,,,,,,,,,,,,,,,,,,,,,,,,,,,,,,,,,,,,,,,,,,,,,,,,,,,,,,,
1262879.3.patric,,,,,,,,,0.0931056001586403,,,0.49621320418323683,,,,,,,,,,,,,,,,,,,,,,,,,,,,,,,,,0.9161729696183365,,,0.9147670420582654,,,,0.6051366752679581,,0.8958814271596438,,0.5259780785769729,,,,,,0.9097198369288041,,,,,0.8874521037834135,,,,,,,,,0.9234738570086126,,,,,,,,,,,,,,,,,,,,,,,,,,,,,,,,,,,,,,,,,,,,,,,,,,,,,,,,,,,
1262889.3.patric,,,,,,,,,,,,,,,,,,0.7955551749574747,,,,,,,,,,,,,,,,,,,,,,,,,,,,,,,,,,,,,,,,,,,0.8914432420219148,0.7654808323703006,,,,,0.7227674381308116,,,,,,,,,0.7270821438589374,,,,,,,,,,,,,,,,,,,,,,,,,,,,,,,,,,,,,,,,,,,,,,,,,,,,,,,,,,,
1262992.3.patric,,,,,,,,,,,,,,,,,,,,,,,,0.45254372969802975,,,,,,,,,,,,0.3239027473885728,,,,,,,,,0.5692849946182663,,,0.605562521618777,,,,0.4766748530413351,,,,,,,,,,,,,,,0.5533345539971557,,,,,,,,,,,,,,,,,,,,,,,,,,,,,,,,,,,,,,,,,,,,,,,,,,,,,,,,,,,,,,,,,,,,
1263010.3.patric,,,,,,,,,,,,,,,,,,,,,,,,,,,,,,,,,,,,0.6881794884125361,,,,,,,,0.6034961690380818,,,,,,,,,0.6646735473022554,,,,,,,,,,,,,,,,,,,,,0.736278447295339,,,,,,,0.6741450029958319,,,,,,,,,,,,,,,,,,,,,,,,,,,,,,,,,,,,,,,,,,,,,,,,,,,,,,
1263069.3.patric,,0.4826489020312229,,,,,,,,,,,,,,,,,,,1.189619766289021,,,,,,,,1.0274461219747986,,0.947572133094971,,1.0573758673060798,1.164547625145352,,,,,,1.2544021110115304,,,0.8875530994834433,,,1.0256266676811823,,,,,0.8303802617927274,0.7843814727311906,,,,,0.959650481433219,,,,1.0176969935304714,0.82671507002799,,,,0.84616439537398,1.2382812508924754,,,,,,,,,1.1475513905457648,,,0.21249157883188158,,,,,,1.0722162636821184,,,,,,1.0911221684212877,,0.7360860344769365,0.6977129477620632,,,,,,,,,,,,,,,,,,,,,,,,,,,,,,,,,,,,,,,,,
1263072.3.patric,,0.4610779823214655,,,,,,,,,,,,,,,,,,,,,,,,,,,,,,,,,,,,,,,,,,,,,0.5067000225960205,,,,,,,,,,,,,,,0.36504341347250024,,,,,0.49626011109210766,,,,,,,,,0.4085394170705599,,,,,,,,,,,,,,,,,,,,,,,,,,,,,,,,,,,,,,,,,,,,,,,,,,,,,,0.4057130836109637,,,,,
1263073.3.patric,,,,,,,,,,,,,,,,,,,,,,,,,,,,,,,,,,,,0.22716080867791158,,,,,,,,0.28118640735342626,,,,,,,,,0.3551148791827781,,,,,,,,,0.751667644947943,,,,,0.7940580315449548,,,,,,,0.4107279253916779,,0.7452321867691141,,,,,,,,,,,,,,,,,,,,,,,,,,,,,,,,,,,,,,,,,,,,,,,,,,,,,,,,,,,
1263074.4.patric,,,,,,,,,0.6865507289105829,,,0.9115475492763415,,,,,,,,,,,,,,,,,,,,,,,,,,,,,,,,,,,,,,,,,,,,0.7025940959644505,,,0.7223248040375125,,,,,,,0.766415666999509,,0.6943940785534677,,0.7993436054262233,,,,,0.7895842490326824,,,,0.7902740148732408,,,,,,,,,,,,,,,,,,,,,,,,,,,,,,,,,,,,,,,,,,,,,,,,,,,,,,,,
1263105.3.patric,,0.9423323684898806,,,,,,,,,,,,,,,,,,,,,,,,,,,,,,,,,,0.5788055014855373,,,,,,,,,,,,,0.6808723405405599,,,0.6375575418198451,,,,,,,,,,,,,,,,,,,,,,0.9318831975479791,,0.7161457012144885,,,,,0.6105176827566283,,,,,,,,,,,,,0.7480936462953724,,,,,,,,,,,,,,,,,,,,,,,,,,,,,,,,,,,,,,,,,
1263107.3.patric,,,,,,,,,0.44497647964503184,,,0.6183001730354014,,,,,,,,,,,,,,,,,,,,,,,,0.6404543888759241,,,,,,,,,0.665122261931569,,,0.7113577696450519,,,,,0.4884070311373108,,,,,,,,,0.618793302532773,,,,,0.6732544978279222,,,,,,,,,0.6398736658826394,,,,,0.6297695896961397,,,,,,,,,,,,,,,,,,,,,,,,,,,,,,,,,,,,,,,,,,,,,,,,,,,,,,
1297794.4.patric,,,,,,,,0.682832430122187,,,0.5881780444668562,,,0.35858776870665765,,,,,,,,,,,,,,,0.9856432343823753,,0.6019027899477937,0.8470978557727502,0.4770025399566222,0.3316808953403008,,,,,,,,,0.6511335585268151,0.5412817616670494,,,,,,,,,,,,,,,,,,,,,,,0.7747167068850837,,,,0.5768500640421649,,,,,0.7123886253377455,,,,,,,,,,,,,,,,,,,,,,,,,,,0.2860081897800918,,,,,,,,,,,,,,,,,,,,,,,,,,,,,,,,
1305849.3.patric,0.5938676272821859,,0.5091405647546277,0.3656516540775886,0.43274168496796267,0.40109140955741945,,0.411756309269743,,0.5182443058504634,0.472959719051587,,0.5626805782612586,,,,0.7067033838577934,,,,,,,,0.46945870474445095,0.5110950670877582,,,,,0.568336076312099,,,0.5036203754804078,,,0.47214146029339327,,0.4798246275785818,,0.5028859498300464,,0.4243792552949893,,,0.7255069868969247,,,,,,,,,,,0.37901338030799464,,,,,,0.4881712765842441,0.39967711781627585,0.520279597660349,,,0.5985079163180966,0.3817955892453445,,,,,,,,0.517780454386413,0.570993586700245,,,,0.3971537888343183,0.6513163455388472,0.5072541454417789,,,,0.700622147486784,,,,,,,,,,0.43947532092728736,,,,,,,,,,0.3621184428933951,,,,,,0.31255951686022265,,,,,,,0.3500292167230034,,,,,0.40150595693419555,,,,,,0.09000943845667748,,,0.5585494805199787
1328429.3.patric,,0.47314928123179484,,,,,,,,,,,,0.43682077946219644,,,,,,,,,0.607068689452366,,,,,,,,,,,,,,,,,,,,,,,,,,,,,,,,,,,0.2955268872955665,,,,,,,,,,,,,,,,,,,,,,,,,,,,,,,,,,,,,,,,,,,,,,,,,,,,,,,0.757307558959547,,,,,,,,,,,,,,,,,,0.4756696678473698,,,,
1346615.3.patric,,,,,,,0.7688862480025866,,0.3752085246956641,,,0.3862113379370459,,,,,0.23978844019964798,,,,,,,,,,,,,0.3275583640324828,0.3443017749173719,,0.7876710979034681,0.5216283759167836,,,,,,,,,,,,,,,,,,,0.4658736342650717,,,,,0.564271385149201,,0.2766518316600102,,,,,,,,,,,,,0.706877494711466,,,,,,,,,,,,,,,,,,,,,,,,,,,,,,,,,,,,,,,,,,,,,,,,,,,,,,,,,,,,,,
1423779.3.patric,,,,,,,0.40294124750180405,,,,,,,,,,,,,,0.4157856193360354,,,,,,,,,,,,0.5589190249022633,,,,,,,,,,,,,,,,0.5318199838157082,,,,,,,,,0.4782304703019425,,,,,,,,,,,,,,,,,,,,,,,,,,,,,,,,,,,,,,,,,,,,,,,,,,,,,,,,,,,,,,,,,,,,,,,,,,,,,
1439319.3.patric,,,,,,,,,,,,,,0.7869992144847837,,,,,,,,,0.7111239398670499,,,,,,,,,,,,,,,,,,,,,,,,,,,,,,,,,,,,,,,,,,,,,0.5549018206424406,,,,,,,,,,0.6334473771742607,,,,,,,,,,,,,,,,,,,,,,,,,,,,,,,,,,,,,,,,,,,,,,,,,,,,,0.32519008157742585,,,,
1496.1081.patric,,,,,,,,,,,,,,,,,0.439564641037623,,,,,,,,,,0.2715629288994481,,,,,,,,,,,,,,,,,,,0.3719405248907412,,,,,,,,,,,,,,,,,,,,,,,,,,,,,,,0.9513931141982418,,0.10860066472562054,,,,,,,,,,,,0.287772287253008,,,,,,,,,,,,,,,,,,,,,,,,,,,,,,,,,,,,,,,,,,,,
1522.9.patric,0.8681555764077061,0.30001270852209283,,0.4522758019218921,0.6555206981857294,,0.7927347547974316,0.5286489861467563,,,,,,0.3337515221890311,,,,0.675461071349218,,,0.6398994416468777,,0.24716331909570136,,0.2618453375487297,,0.45072138540843154,,0.5929810246267986,0.43730444172838134,0.7738608468336462,,0.732481164522019,0.6335230555371368,,,,0.4953849535494998,0.5776920995008064,0.7445169022231204,,,0.786540438715519,0.534322297045204,0.6814744791838663,0.5947603767322306,,0.5687585732284617,0.6972028344721627,,0.6987629785835469,0.41024172361238315,,,,0.6162471740450465,,0.4289702622793075,0.5829392296394663,,0.7128044722132209,,0.6242069396040714,,,0.6084601664819184,0.6397000345668894,0.43761688178905955,,0.5534728349339569,0.6153505341530416,,0.4552893443527741,,0.6127287330049298,0.5312215777649418,,0.40904414676405637,0.5440334416474782,0.721895880488981,,,,,0.7422599522084746,0.5508671920733376,0.6299009472468816,0.665747737941039,,,0.5331044247864506,,,0.7347425171739514,,,,,,,,,,,,,,,,,,,,,,,,,,,,,,,,,,,,,,,,,
1583.20.patric,,,,,,,,,,,,,,,,,,,,,,,,,,,,,,,,0.41041421681231355,,0.4430233433586985,,,,,,,,,,,,,,,,,,,,,,,,,,,,,,0.44313425837690856,0.5757509277779936,,,,,,,,,,,,0.5072269114987386,,,,,,,,,,,,,,,,,,,,,,,0.5114200097887774,,,,,,,,,,,,,,,,,,,,,,,,,,,,,,,,,,,
1596.51.patric,,0.5963114160978682,,,,,0.6671769133783696,0.4311189194536762,,,,,,,,,,,,,0.5844615791445517,0.4489696967770479,,,0.5769896309076566,,,,,0.5723858850248374,,0.40154743399179244,,,,,,,,,,,,,,,,,0.6575263127248743,,,0.5078783150011407,0.8116202201650672,,,,,0.603481045696249,,,,,,,,,,,,0.511280887275091,0.41084922894969456,,,,0.18474899184930807,,0.6887820495631486,,0.10457168409356657,,,,,,,,,0.6116102781601919,,,,,,,,,,,,,,,,,,,,,,,0.7478241059802571,,,,,,,,,,,,,,,,,,,,,,,,
1624.73.patric,,,,,,,0.7955230139637115,0.6926848121095741,,,,0.5348160934838168,,,,,,0.9243054404917783,,,,,0.6582665782943192,,,,,,,,,0.5293746627607047,,,,,,,,,,,,,,,,,0.5684718250395165,,,,,,,,,,0.5284983656248086,,,,,,0.4688084153035007,,,,,0.6694613093108269,0.761153660156208,,,,0.671752773606536,,0.40941352003362197,,0.7263772613355507,,,,,,,0.4920095405035026,,0.6983863491486312,,,,,,,,,,,,,,,,,,,,,,,,,,,,,,,,,,,,,,,,,,,,,,,
1650661.3.patric,,,,,,,,,,,,,,,,,,0.6096760836807776,,,,,,,,,,,,0.42009834075119684,,,,,,,,,,,,,,0.3175859429004822,,,,,,,,0.46514036468114356,,,,,,,,,,,,,,,0.42424347514325267,,,,,,,0.5409149551356167,,0.3747412153668802,,,,,0.36513418240649786,,,,,,,,,,0.5247469989353238,,,0.5335625003131325,,,,,,,,,,,,,,,,,,,,,,,,,,,,,,,,,,,,,,,,,
1673721.3.patric,,0.3301420537617092,,,,,,,,,,,,,,,,,,,,0.5866775464133502,,,,,,,,,,0.3941852284703096,,,,,,,,,,,,,,,,0.42113231697426057,,,,,,,,0.44384050313382234,,,0.3201165012117609,,0.5803592925610873,,,,,,0.3334379435095136,,,,,,,,,,,,,,,,,,,,,,,,,,,,,,,,,,,,,,,,,,,,,,,,,,,,,,,,,,,,,,,,,,,,
1686379.3.patric,,,,,,,1.6453460947087937,,,,,,,,,,,,,,,,,,,,,,,,,,,,,,,,,,,,,,,,,,,,,,,,,,0.6615428079085528,,0.5689382808090415,,,,,,,,,,,,,,,,,,,,,,,,,,,,,,,,,,,,,,,,,,,,0.3758128189991336,,,,,,,,,,,0.5584477930273588,,,,,,,,,,,,0.44160501083772297,,,,,0.4831305445791151,0.646120123717839,,,
1697787.3.patric,,,,,,,,,,,,,,,,,,,,,,,,,,,0.6007086282960845,,,,,,,,,,,,,,,0.5476497627344402,,,,,,,,,,,,,,0.5179547305056614,,,,,,0.4004842165375538,,,,,,0.2825122593101639,,,,,,,,,,,,,,,,,,,,,,,,,,,,,,,,,,,,,,,,,,,,,,,,,,,,,,,,,,,,,,,,,0.09327153750250136,,
1739422.3.patric,1.3889638339184711,,,,1.4551766904645442,,1.4887683878790186,0.7873236548637617,,,1.2204670471233734,,1.3213681851907773,,,,,1.2257300218559553,,,1.3879253002614267,,,,,1.221074926270888,,,0.512847493174982,,0.9130772854798933,1.1462457435751634,,,,,,,,,,,1.054293053496794,,1.123711431222723,1.2774224556197855,,,1.394605656483299,,,,1.073188398891631,,,,1.1991952686483633,,0.8844724213073696,,,,,1.2972059591664762,1.301092391044775,,,,,0.8545894377161962,,,,1.0595042149223586,,,1.0864371945665727,,0.7036328521582559,,,,,,,,,0.9685212849812733,,,0.9940470050744603,,,,,,,0.9437734246787838,,,,,,,,,,,,,,,,,,,,,,,,,,,,,,,,,,,,,
1952006.3.patric,,,,,,,,,,,,,,,,,,,,,2.0679449472231606,,,,,,,,,,,1.6371151988744257,,,,1.824004653958933,,,,,,,,,,,,,2.1017169076071798,,,,1.7350600196351338,,,,,,,,,,,,,,,,,,,,,,,,,,,,,,,,,,,,,,,,,,,,,,,,,,,,,,,,,,,,,,,,,,,,,,,,,,,,,,,,,,
2025659.3.patric,,,,,1.3373646034741786,,,2.0708277866573943,2.141239808402255,,,2.162008604788794,,2.030455081517646,2.135572829923101,,,,,,1.6487939619544802,,2.0144133533321193,1.9582558663368064,,,,,,,,,,,,1.2526499268952616,,,2.16819251271661,,,2.1207427455626178,,,2.1511913545566865,,1.6322357600222088,2.1184851206099857,,,,1.632155195054825,1.2337964567181698,2.1328372085773193,1.286258621364606,2.141338485715875,,,2.0551841086380342,,,1.978694119929179,,,,1.237545290066517,2.0294895149042036,,,,1.7013651664644815,,1.7504055679693242,,,2.0060719162221345,,1.7349123513415412,,,1.2939188743512,1.4246432065314811,,,,,,,,,,,,1.349379039388153,,,,,,,,,,,,,,,,,,,,,,,,,,,,,,,,,,,,1.6802765407851732,,,,,
2026240.3.patric,,,,,,,2.6881337685397586,,,,,,,1.8762869694955853,,3.427538949015363,,,,,,3.57216646948127,3.0947090269703215,,3.4663453702333062,,,3.224529645441626,,,,,,3.3263962278839756,3.3202768295797482,,,,,,,,,,,1.2945021689889078,,,,,,,,,,,,,,,,,,,,,,3.2495873131038575,,,,,,,,,,,,,,,,,,,,,,,,,,,,,,,,,,,,,,,,,,,,,,,,,,,,,,,,,,,,,,,,,,,
208479.8.patric,,,,,,,,0.26943559801767547,0.894056789445617,,,0.977433738438377,,,0.9300423822986352,,0.9947584182605567,,,0.30504395274721935,0.590022022227134,0.7545658450688504,,0.5683883548069256,0.2914104236423128,,0.8817085277756208,,,0.6310890002999391,,,,,,,,,0.6205006077855613,,,0.8157071518811395,,,0.6558970784670445,0.7024297599720796,0.18401049625542254,0.4589814678611449,,,0.6500298326521742,0.5559216758262305,,0.4733938425707637,,0.7731149403173536,0.7222258557691907,,0.6151952642205385,,0.742214573182084,0.7955007411038231,,,,0.4379121516659024,0.7472108044350935,0.6999378383593247,,0.8684161179597641,0.6675484849676613,,,,0.7123148874188914,0.7323461254204855,,,0.6394910925099381,0.9155395741109928,,,,,0.5355356271967604,,0.4233761243321255,0.8384441547128685,,,,,0.4720291807214552,0.5791057492191032,,,,,,,,,,,,,,0.6121149469749838,0.6050344913176131,,,,,,,,,,,,,,,,,,,,,,,,0.6260496433255417,,
246787.5.patric,,,,,,,,,0.9822052767021937,,,0.9574002506472552,,,,,,,,,,,,,,,1.0061788452841485,,,,,,,,,0.4707443116680887,,,,,,0.8855364043042605,,0.48617563199756186,,,,,,,,,,,,0.8740679320254708,,,,0.7851705513516216,,,0.890388694220134,,,,,,,,,,,0.7867605637520029,,,,,,,0.4503384714345725,,0.6247762931571526,,,,,,,,,,,,,,,,,,,,,,,,,,,,,,,,,,,,,,,,,,,,,,,,,,,,0.7387576027366631
2515154176.img,,,,,,,,,,,,,,0.4683275396265509,,,,,,,,,0.5175127616547133,,,,,,,0.47667096595835545,,0.5312617216862702,,,,,,,,,,,,,,,,,,,,,,,,,,,,,,,,,,,0.6403903766904111,0.7191851662982647,,,,,,,,0.5812108102958812,,,,,,,,,,,,,,,,,,,,,,,,,,,,,,,,,,,,,,,,,,,,,,,,,,,,,,,,,,,
2562617057.img,,0.5934960765073374,,0.6417047300418262,,0.8615710840589167,0.995753228870977,0.627053875690521,,0.517487354122432,0.8807289049474339,,0.41232511564681346,0.6481996830598209,,0.40333833745198794,,,,,0.9346176578630397,,0.5616283170076808,,0.44719734820831547,,,,0.8874688952069175,0.7402108208477267,0.8099940398379447,,0.9696229622499027,0.8692859817023127,0.8562479498712734,,,,,1.0454515215047413,,0.7531925096852433,0.7369792889272729,0.669270553246739,,,,,0.8181984558469972,0.6732674487510931,0.7005761185737372,,,,,0.7479471425041581,0.9794566566628916,0.5481893896617168,0.7131747572732916,,,,,0.7105092978669898,0.7043523948724715,,0.8341254264090721,0.5887524066812854,,0.836633380620724,0.9557553185156221,,,,0.9334194221501448,0.842297519518853,0.7043313561103588,0.7843246438845978,0.7519705149848632,0.8346746594874175,0.757518263863087,0.7140899112007488,,,0.8130270193467797,,,0.8244850553876286,0.6426521495274882,,,,0.9699317765917638,0.8345851565591743,,0.5188697991935803,,,,,0.7972124421190434,,0.7488315906472217,,0.7392111206388434,,,,,0.7985874830505735,,,0.6120216396013392,,,,0.4669183411402739,,,,0.8538965370660849,0.48365866418529174,,,0.5024271801005077,,0.6461660553211109,,0.8805986386509869,0.7905555817767176,0.3985556279362419,,0.8854091719677225,0.8296148356854959,0.48918491827409977
2562617183.img,,,,,,,,,,,,,,,,,,,,,,,,0.5706976852894309,,,,,,,,,,,,,,0.6233957101728062,,,,,,0.5355669548138225,0.6375255291697508,,,0.6183057898670307,,,,,,0.6807683171359796,,,,,,,,,,,,,0.5050650593391627,,,,,,,,,0.6415730803893945,,,,,,,,,,,,,,,,,,,,,,,,,,,,,,,,,,,,,,,,,,,,,,,,,,,,,,,,,,,
261299.4.patric,1.0126976365526201,,,,,,,,,,,,,,,,,,,,,0.7458955572104049,,,0.533565234973447,,,,,0.6877232471186246,0.48655164789473443,,0.5354001617555817,0.44514537921751024,,,,,,,0.5421154508515963,,,,,,,,0.46247524856037187,,,0.3655929704412273,,,,0.6727261805324438,,,,,,,,,,,0.38704013726461484,,,0.4015909643033709,,,,0.620255993799989,,0.42332919634972604,,,0.27655233552661423,,,,,,0.5311518121095751,,,,,,0.667320152831185,,,,,,,,,,,,,,,,,,,,,,,,,,,,,,,,,,,,,,,,,,,,
2636416145.img,,,,,,,0.7033678990238901,0.5770535343178614,0.5459732234693252,,,0.33233677455012123,,,,,,,,,,,0.4564152819737483,,,,,,,0.5414653414239546,0.5377807625164682,0.4522130374254763,0.6942338913848344,,,,,,,,,,,,,0.6512552125119446,,,,,0.7019115878186294,,,,,,0.5406102336214939,0.5301610002495803,,,,,,,,,,,,0.5029868157836275,,,,,0.6005404255510421,,0.580648056537665,,,,0.7605232767073614,,,0.5973546945237229,,,,,,,,,,,,,,,,,,,,,,,,,,,,,,,,,,,,,,,,,,,,,,,,,,,
2654588179.img,,,,,0.7538573912175668,,,,0.7232813141130605,,,0.8194779184796614,,,0.4749459136972171,,,,0.7056243122232921,,,,,0.5319468010810943,,,0.7244256824695359,,,,,,,,0.881824196875184,,,,0.4770810580025044,,,0.6890504183727475,,,0.4465685051817045,,,0.49358060677340904,,,,0.5382887713258677,,0.6977143929209875,,0.6571479503202408,,,,,,0.7243825150606162,,,,0.4952078740899726,0.5349542388876205,,,,,,0.43669133792658676,0.5623017740928838,,0.4843566142797462,,0.427536643815594,,,0.4894701246883338,,,,,,0.3767983912249775,,,,,,,0.6471409778425682,,,,0.337474281377873,0.40636994945729304,,,0.31901430750237203,,,0.5917286219932784,0.5720426061345792,0.3805562483200466,,,,,,,,,,,,,,,,0.44521940501280327,0.4339023512351,,,0.33444784690234697,,,,,,,,
2740892380.img,,0.4258792275642813,,,,,,,,,,,,,,,,,,,,,,,,,0.822677120631039,,,,,0.7638169509519468,,,,,,,,,,0.6921948212800766,,,0.7050390630797609,0.6487206570563822,,0.654155540519281,0.4603283269710415,,0.60077033266028,,,,,0.5255555499567793,,,,,0.5728762367096168,,,,,,0.5627305108928324,,,,,,,,,,,,,,,,,,0.6453526946225049,,0.5422111839908398,,,,,,0.47878492904069253,,,,,,,,,,,,,,,,,,,,,,,,,,,,,,,,,,,,,,,,,,
28116.19.patric,,,,,1.0933040780503567,,,1.7715391822237874,1.9792925320577326,,,1.9605018028542045,,1.8096334838764745,1.8639585532462026,,,,,,0.45473574985880244,,1.8689921295715857,1.274770071644212,,,1.8719492143579455,,,,,,,,,0.580490129096891,,0.49645066111608555,1.904976012532161,,,2.067357865072614,,0.0441609448325492,1.9295805975602198,,1.2545625673809937,2.014250517527156,0.4415478714710254,,,1.3500857040408218,0.8028862624620065,1.8726537179287113,1.0041173148080165,1.9867794289007685,,,1.8155922654639474,,,1.7073933190890775,,,,0.9750243927489383,1.9120971305062817,,,,1.3611541322852738,,1.5026620532430492,1.2698268667958152,1.4938740129356083,1.9238373102303925,,1.6194443766185953,1.4777582718547064,,0.9601013161308394,0.8359342238648153,,,,,0.5338876867533581,1.3367379138767492,,,,1.2070446796500425,,1.0207051726232892,,,,,,,,,,,,,,,,,,,,,,,,0.5455985262763134,,,,,,,,,0.41413940923908815,,0.7596230610124417,0.9482596172708848,,,0.6550949468329283,,
321967.11.patric,,,,,,,,0.7129746953363693,,,,,,,,,0.6079704949202004,,,,,0.37120433381548223,0.4482357308852448,,,,,,,,,0.5738050685831677,,,,,,,,,,,,,,,,,,,,,,,,0.4740731702322875,,0.5348931947091373,,,,,,,0.4661435459759758,0.3835984971820852,,,0.4134984239374001,0.4655245574901446,,,,,0.48282047380992826,,0.3975176242699937,,0.39938837414474604,,,,,,,,,,,,,,,,,,,,,,,,,,,,,,,,,,,,,,,,,,,,,,,,,,,,,,,,
39488.4.patric,,,,,,,,,,,,,,,,,,,,,,,,,,,,,,,,,,,,0.5687045488309428,,,,,,,,,,,,,,,,,0.7477578432935021,,,,,,,,,,,,,,,,,,,,,,,,,,,,0.7157008476562033,,,,1.1928225547430362,,,,,,,,,,,,,,,,,,,,,,,,,,,,,,,,,,0.6821721785945387,,,,,,,,,,,,,,,,
411468.9.patric,,0.39088036097232454,,,,,,,,,,,,,,,,,,,,,,,,,,,,,,0.43454625586393736,,,,,,,,,,0.46704381590832456,,,,,,,,,,,,,,0.37744506829659713,,,0.3033962270966216,,,,,,,,0.35449738628202676,,,,,,,,,0.36493427888739083,,,,,,,,,,,,0.38242905645063996,,,0.3690802948427806,,,,,,,,,,,,,,,,,,,,,,,,,,,,,,,,,,,,,,,,,,,,
428126.7.patric,,,,,,,,0.7717740161669733,,,,,,,,,,,,,,,,0.7389405934423904,,,,,,,0.7758383968428327,,,0.7635954452950466,,0.7577120293554905,,,,,,,,,0.775992590438908,0.6383975715601056,,0.739639812060809,,,0.675185788453082,,,0.6998486982447191,,,,,,,,,,,,,,0.8029888168633919,,,,,,,,,,,,,,,,,0.8586829544550694,,,0.5434139895011262,,,,,,,,,,,,,,,,,,,,,,,,,,,,,,,,,,,,,,,,,,,,,,,
43675.23.patric,,,,,,,1.1065985966379357,,,,1.155163359875115,,,,,,,,,,,,,,,,,,1.028496018563338,,,,,,,,,,,,1.0093622602358376,,,,,,,,,,,,,,,,,,,,,,,1.7323142371860236,,,,,,,,,,,,,,,,,,,,,,,,,,,,,,,,,,,,,,,,,,,,,,,,,,,,,,,,,,,,,,,,,,,,,,,
445970.5.patric,,,,,,,,,,,,,,,,,,,,,,,,,,,,,,,,,,,,0.28734763411653763,,,,,,,,0.37304796939174095,,,,,,,,0.41147868348387123,0.3384603922002678,,,,,,,,,,,,,,,,,,,,0.41212455918864,0.3929311673637637,,,,0.3496668507872918,,,0.2856375325403857,0.3649109659740946,,,,,0.26526637357939487,,,,,,,,,,,,,,,,,0.28936108371195957,,,,,,,,,,,,,,,,,,,,,,,,,,,,,,,
445974.6.patric,0.38914216464269363,0.319755403551751,0.3122572185192286,0.21407918936995643,,,,0.37197643429357624,,,,,,0.12274136660364943,,,,0.4168843581348187,,,,,,0.43749023607891624,0.29406722484489023,,,,0.5986565523201035,0.6049948018452198,0.6136741549002673,0.4772291169309517,0.5174027164923817,0.36216179878897903,0.3547436226047959,0.3652997683598091,,,,0.5542112242446814,,,0.453195898620819,0.39664222735783305,0.40600701494663377,,,0.48924738250332633,0.48576596106914094,,0.18512664870229942,0.5318837077007872,0.42761879156080823,0.5313182449301439,0.4950666703484436,,,0.3997393989482578,,0.17079732320836913,0.42443091614419143,0.42533820929382876,0.45892182097329987,0.2537897005878482,0.311271230468018,0.33559977013229214,0.5607763367718664,0.3277455531940911,,0.30373637639540774,0.3615518321698906,,0.1192087313410258,0.4493794824850496,0.39924775031407994,0.6126400075074928,,0.4234174606201527,0.4048751501971397,0.49503710230934345,0.37260742093308297,,,,0.562009712884864,0.3115389859021477,,,,,,,,0.49068645584626536,,,,,,,,0.6664054541874369,,,,,,,,,,,,,,,,,,,,,,,,,,,,,,,,,
457402.3.patric,,0.5927378883930569,,,,,,,,,,,,,,,,,,,,,,,,,,,,,,,,,,,,,,,,,,,,,,0.6540175381136802,,,,,,,,,,,,,,,,,,,0.6473288678999406,,,,,,,,,0.656820436022009,,,,,,,,,,,,,,,,,,,,,,,,,,,,,,,,,,,,,,,,,,,,,,,,,,,,,0.5427957609770687,,,,,,
457421.5.patric,,1.7651710938189948,,,,,,0.17225092862380662,,,,1.8709168496464472,,0.18342703121306841,1.7459717196239293,,1.7213002123707202,,,,1.838021478167453,,,,,,1.7543650750821635,,,,,,,,,,,,,,,,,1.7482048575428735,1.7806230282799205,1.732878208117885,,,,,,,,,,1.6925309726883886,,,,,1.880273599925902,1.6762480036054344,,,,,,,,,,,,,1.6388570403525653,1.6050499555978108,,,1.7346345084279702,,,,,,,,,1.6340388210716956,,,,,,,,,,,,,,,,,,,,,,,,,,,,,,,,,,,,,,,,,,,,,,,
460384.4.patric,,0.6267012181148536,,,,,1.0472555031500757,,,,0.8708058967788801,,,,,,,,,,0.6948905769097959,,,,,,0.5194467767131851,,1.2019918668531082,,,,,,,,,,,,,0.6215692465713677,,,0.5938217517445136,,,0.5247944841689353,,,,,,,,0.5086636308853543,,,,,0.8205564745124103,,,,,,,,,,,,,,,,,,,,,,,,,,,0.6553799724158342,,,,,,,,,,,,,,,,,,,,,,,,,,,,,,,,,,,,,,,,,,,,,,,
46503.4.patric,,,,,,,,0.37800951578759306,0.1593734786278336,,,0.1768788974983489,,,,,,0.5834269653067626,,,,,0.48187825392965933,0.24681833774571926,,,,,,,,0.3191103227460425,,,,0.33879450986680165,,0.4427406271319768,0.3641094834311033,,,0.09431032796672337,,0.35743577038394847,0.3966276391891432,,,0.41709245768798864,,,,,0.5570715688762449,0.5727417160512995,,0.10236351831985467,,0.5439126248984008,0.4240432829657872,,,0.47270915001451086,,,,,0.3848995479187072,,,,,,0.40432870222735956,0.37256841591657064,,0.39395658832302805,,0.2734319557200916,,,0.28513402265511545,,0.3490550822355327,,,,0.30137059147895157,,,,,,,,0.3082590626854074,,0.43123233986197446,,,,,,,,,,,0.1916783341346624,,,0.22573579305016392,,,,,,,,,,,,,0.42329897265344923,,,,,,,,,,,
469591.4.patric,,,,,,,,,0.8704835811269703,,,0.8682303709402813,,,0.9525532932016734,,0.8071758964102546,0.7661304299878128,0.7054116420409562,,,,,,,,0.8546063908808754,,,,,,,,,,,,,,,0.9081586047226885,,,,,0.8560194081187837,,,,,0.581267912967724,,,0.8262433784161395,0.8974476813277875,,0.6338331164779987,,,,,,,,0.5500640063462294,,,,0.08160015539849726,0.13325674071229,,0.6934435243642075,0.6270941355524118,0.1254629404150485,,,0.6257267854983687,0.011345247727899391,,0.3963244989406015,0.7112580917115442,0.6540464226184514,,0.6041717945321751,,0.7228097920315979,0.01993784864425132,,,,,,0.8218762245722713,,,,,,,,,,,,0.5916039066040222,,,,,,,,,,,,0.2603002029173366,,,,,,0.04876757113772875,,,0.2933967764867097,,,,,,0.7428925063332151,,0.29148867938516004
47770.73.patric,,,,,,,,,0.5850815562051123,,,0.536246899600508,0.4851151161295944,,,,,,,,,,,,,,,,,,,,,,,,,,,,,,,,,,,,,,,,,,,,,0.9577516767771542,,,,,,,,,,,,0.5754519817240638,,,,,0.5430721695763919,,,,0.6608317567426099,,,,,,,,,,,,,,,,,,,,,,,,,,,,,,,,,,,,,,,,,,,,,,,,,,,,,,,,
483215.6.patric,,,,,,,,,,,,,,,,,,0.47111889034024806,,,,,,,,,,,,,,,,,,0.8493942876474918,,0.4787297489352875,,,,,,0.5300430116049134,,,,,,,,,0.5837394669634758,,,,,,,,,,,,,,,,,,,,,,,,,,,,0.5898375134588912,,,,,,,,,,,,,,,,,,,,,,,,,,,,,,,,,,,,,,,,,,,,,,,,,,,,,,
537007.6.patric,,,,,,,0.9931349539566161,,,,0.9001106508871753,,,,,,,,,,0.8293027307362725,,,,,,,,0.9651059641538489,,,,,,,,,,,,,,,,,,,,,,,,,,,,,,,,,,,,,,,,,,,,,,,,1.1690799219589947,,,0.7821801263311863,,,,,,,,,,,,,,,,,,,,,,,,,,,,,,,,,,,,,,,,,,,,,,,,,,,,,,,
553973.6.patric,,,,,,,,,0.3448939059630692,,,0.3994611042437484,,,0.3843629596294908,,0.4094010441495819,,,,,,,,,,0.3892323689631445,,,0.41017349874715014,,,,,,,,,,,,0.29729979199326645,,,,,,,,,,,,,,,,,,,,,,,,,,,,,,,,,,,,,,,,,,,,,,,,,,,,,,,,,,,,,,,,,,,,,,,,,,,,,,,,,,,,,,,,,,,,,
556259.3.patric,,,,,,,,,,,,,,,,,,,,,,,,1.7494446991010484,,,,,,,,,,,,1.4569888936031068,,,,,,,,,,,2.2476574204461164,,,,,,1.586470330673929,2.3883615695257943,,,,,,,,1.869300957845348,,,,,,,,,,,2.184366024385747,,,,,2.3188821883086783,,,1.6268670223913693,,,,,,,,,,,,,1.4157487875774453,,,,,,,,,,,,,,,,,,,,,,,,,,,,,,,,,,,,,,,,,
565653.4.patric,,,,,,,,0.3831477240433856,,,,,,,,,,,,,,,,,,,,,,,0.39032046179100305,,,0.5079907292715915,,,,,,,,,,,,,,,,,,,,,,,0.6178197528103693,,,,,,,,0.4750438628962372,,,,,,,,,,,,0.4590956938486054,,,,,,,,,,,0.4092074215127556,,,,,,,,,,,,,,,,,,,,,,,,,,,,,,,,,,,,,,,,,,,,,,,
573.1549.patric,,,,,,,0.900943828718429,,,,,,0.4988698238985245,0.5028814305330923,,0.3489637967359756,,,0.5605226562788129,,0.5276552318276178,0.5667788318014565,0.5470085727276227,,0.3388072498258988,,,0.43105731309632755,,,0.4509359167127333,0.5039877836703781,0.7194814106948512,0.577262494626471,0.6252307671131989,,,0.5758818226823822,,0.5146754994637324,,,,,,0.09473622156833977,,,,,0.2917223239161524,0.5767147778991363,,,,,,,0.4569280173170961,,,,,,0.5438826007897622,,,0.483365589743241,,,,,,,,,0.62434666236009,0.7332925030000778,,0.6197566727119496,,0.4165383894592153,0.36741115533333096,,,,0.09916523230466082,0.6750694713267774,,0.33799288619761936,,,0.6069335740535376,0.8214790997276769,0.31389303221282866,,,,,,,,,,,0.6068888939856032,,0.24498149135392885,,,,,,,0.44354440861362765,0.39432044972403213,0.4824839641426128,,,,0.49487117478739134,,,,,,,,,,,,,,
573.1642.patric,,,,,,,,,,,,,,1.4181122199595355,,3.254759359188759,,,,,,3.1167407569775434,,,,,,3.212610276599504,,,,,,,3.415337501368084,,,,,,,,,,,0.01065207715687657,,,,,0.041571091140638394,,,,,,,,,,,,,,,,,2.7776492629024836,,,,,,,,,,,,,,,,,,,0.000208020062993378,,,,,,,,,,,0.06067626976174491,0.07358423822899303,,,,,,,,,,,,,,,,,,,,,,,,,,,,,,,,,,,,
658088.3.patric,,,,,,,1.094218807698778,,,,,,,,,,,,,,0.8901153987653444,,,,,,,,,0.7633279690303574,0.9367190447691996,0.6682283787532384,0.9411626352387008,0.883853383418541,,,,,,0.863773351030892,,,0.8498945898374158,,,,,,0.9074254006999467,,0.7628733273827113,0.7817541249554741,,,,,0.7314528452633177,,0.8198106257321399,,0.9525118016337836,,,,,0.8934696196348413,0.8729575149882205,,,,,,,0.7031255205149562,,0.9199951634823037,,,0.808067899086337,,,,,,0.9893650700685378,,,,,,,,,0.9974253574603196,,,,,,,,,,,,,,,,,,,,,,,,,,,,,,,,,,,,,,,,,
665951.3.patric,,,,,,,,,,,,,,,,,,,,,,0.5704093638628477,,,,,,,,0.5571605670320362,,0.4429179350124563,,,,,,0.47457911876236925,,,,,,0.4505702108851637,,,,,,,,,0.4669167196880573,,,,,,0.5689843741476728,,,,,,,0.4450195572385251,,,,,,,,,,,,,,,0.39812979397953085,,,,,,0.4042314633534528,,,,0.39393350234525787,,,0.4165842848485388,,,,,,,,,,,,0.41491573840673507,,,,,,,,,,,,,,,,,,,,,,,,,,,,,
67827.8.patric,,,,,,,,,,,,,,,,,,,,,,,0.5558142914201738,,,,,,,,0.4014440556236553,,,0.5855210484333988,,,,,,0.6088066771092712,,,,,,,,,,,,,,,,,,,,,,,,,,,,0.3829113853019242,,,,,,,,,,,,,,0.41184740621860255,,,,,,,,,,,,,,,,,,,,,,,,,,,,,,,,,,,,,,,,,,,,,,,,,,,,,
702446.3.patric,,,,,0.4061258312707951,,,1.0581872720846561,0.3946363251538128,,,0.44067837740445587,,0.9956303936984294,0.4637501132873925,,0.4432148370476003,0.49729368530789936,,,1.0655208640011475,,1.0159608963420061,1.1302738891970288,,,0.3978501505151659,,,,,1.0804982344320195,,,0.6612080696033583,,,,1.1178825870764628,,,0.3381633806442164,,,1.3147649947182045,,,1.2852359633196977,1.197597804178368,0.4158989883683586,,0.4388543639075678,,1.3088153933093198,1.0710503590071736,0.33523535296618284,,0.5031571518573544,1.0567981888227345,0.4561326366523397,0.4259647797873506,1.1878045585185923,0.4892836739202884,,,0.5215149549815252,1.1459394774866791,,,,,,0.48779121091147576,0.4764641294137367,,1.108721752487303,,0.3942584910612655,,,0.991002071662842,0.8464740273358278,,,0.3410719819148208,0.40339600127199654,0.4019144465643266,,,,,0.46470340105508123,,1.100692728314655,0.3106354152832175,,0.37970033609539944,,,,,0.32367710753761436,,0.8640098918057432,,0.43920719120075974,,,0.48451605735244563,0.3281409059235146,0.9098337712625669,0.3258100882243997,,,,,,0.8876530833221979,,,,,,0.8831302408828059,,,0.4203787253057362,0.4398322025457845,,0.5079415110100365,,,1.015219845770284,0.6739978664513714,0.8089462314142102
754307.3.patric,,,,,,,,,,,,,,,,,,,,,,,,,,,,,,,2.399299437487989,,1.7817969202996278,3.367530333611181,,,,,,2.855651806240905,,,3.2974565247084207,,,,,,,,,,,,,,,,,,,,,,,,,,,,,,,,,,1.991002235822406,,,,,,,,,,,,,,,,,,,,,,,,,,,,,,,,,,,,,,,,,,,,,,,,,,,,,,,,,,
760570.3.patric,,,,,,,1.9651475582367075,,,,1.2432776633776912,,,,,,,,,,1.2753810001132198,,,,,1.5523267681619888,,,0.3350176564087642,,,1.132063147014031,,,,,,,,,,,,,,,,,1.6218358410999003,,,,0.8753967789270316,,,,1.0493924423838228,,0.7729411600209085,,,,,1.119788783087749,1.3507613500321396,,,,,1.1256566816785203,,,,0.8530893170632716,,,0.7500288290622893,,,,,,,,,,,,,,0.6760754350932766,,,,,,,,,,,,,,,,,,,,,,,,,,,,,,,,,,,,,,,,,,,,
765821.5.patric,,,,,,,,,,,,,,,,,,,,,0.42087961849843275,,,,,,,,,0.6732873572511433,,0.5428474436100524,,,,0.5920499040122298,,,,,,,,,0.7404788626983089,,,0.751575938082106,0.4711484752473941,,,0.6406674577293828,0.644522386161833,0.7724981639373838,,,,,,,,0.7598231492742702,,,,0.24186497950298186,0.737894246816964,,,,,,,,,0.7039713283732657,,,,,0.5214784008657147,,,,,,,,,,,,,0.572222460650087,,,,,,,,,,,,,,,,,,,,,,,,,,,,,,,,,,,,,,,,,
765821.8.patric,,,,,,,,,,,,0.659673714143732,,,,,,,,,,,,,,,,,,,1.0249170664103153,,0.967526865910629,,,0.7455804794679506,,,,,,,,,0.9915869408934816,,,1.0546361605221852,,,,,,0.9731933271333856,,,,,,,,1.0107267096178612,,,,,0.933176714397302,,,0.7353165790978018,,,,,0.820567526125342,0.9365381935615104,,,0.8497642866466084,,,,,,,,,,,,,,,,,,,,,,,,,,,,,,,,,,,,,,,,,,,,,,,,,,,,,,,,
871562.3.patric,0.5348074149509379,0.5665825550846314,,,,,,,,,,,,,,,,,,,,,,,,,,,,,,,,,,,,,,,,,,,,,,,,,,,,,,,,,,,,,,,,,,,,,,,,,,,,,,,,,,,,0.42750348356946993,,0.7203945511652843,,,0.6873733417220437,0.6397595593048905,,,,,,,,,,,,,,,,0.5577109420277486,,,,,,0.9477482307634069,,,,,,,,,,,,,,,,,,,,,
879309.3.patric,,,,,,,0.8339783004686592,,,,1.2014003200786312,,,,,,,,,,,,,,,,,,1.2351106721796818,,,,,,,,,,,,1.337446002725576,,,,,,,,0.699229581298083,,,,,,,,,,,,0.7278255531940688,,,,,,,,,,,,,,,,,,,,,,,,,,,,,,0.8116841698817029,,,,,,,,,,,,,,,,,,,,,,,,,,,,,,,,,,,,,,,,,,,,
888833.3.patric,,,,,,,,,,,0.18437182613349382,,,,,,,,,,,,,,,,,,0.5378632640125158,,,,,,,,,,,,0.4076444618095594,,,,,,,,,,,,,,,,,,,,,,,2.901184536798925,0.5077089723545772,,,,,,,,,,,,,,,,,,,,,,,,,,,,,,,,,,,,,,,,,,,,,,,,,,,,,,,,,,,,,,,,,,,,,,
904306.3.patric,,,,,,,2.1979156557356183,,,,1.7122556907243618,,,,,,,,,,2.1395126329142924,,,,,1.729671483769266,,,,1.8438546626936643,0.2716602475315584,0.8759591936004975,,,,,,,,,,1.6941590289573905,,,1.7296225203524043,,,,2.314167216786577,,,2.1488514088015944,0.9773302797843624,,,,2.007174078439386,0.7215213520956286,0.45111195169394064,,,,,,2.4441343224679803,,,,,0.7799373837504547,,,,2.1355713678279757,0.5313328489753295,,0.5506057599977782,,0.4038528066928985,,1.3374617255581651,,,,,0.6863495194240322,,0.7652275906454737,,,1.7485630040040059,,,,,,,,,,,,,,,,,,,,,,,,,,,,,,,,,,,,,,,,,,,,
999410.3.patric,,0.4196038543372384,,0.29377610471695503,,,,,,,,,,,,,,,,,0.5883001477504407,,,,,,0.04491546919348023,,,0.5294555376759097,,,0.3065231236610005,0.37732288534511094,,,,,,0.6435316540208824,0.9224897941387606,0.6140212786786312,0.486307770963915,,,0.7452404686471582,0.4301793249423295,,,,0.3579214818061373,,,,,0.42241075721647414,0.49752575907621915,,,0.39434301814521344,0.6490763690105452,,0.8307828271052266,,,0.45240888692289194,0.5848705624883356,,,,,,,,0.2747312113629002,0.5646698113707113,,,0.24874104255217283,,,,,,,0.2468193415510004,,0.44670344335228096,,,0.6630647797598371,,0.4704684226678066,,,,,,,,,,,,,,,,,,,0.2699756035466664,,,,,,,0.5979928222052637,,,,,,,,,,,,,,0.3571564243375101,,
ERS235564_44.hgm,,,,,,,,0.6838143482223208,,,,,,0.6420447769759451,,,,,,,,,0.7101187331544164,,,,,,,,0.7529866006174915,,0.7748226886712608,0.6374334466792525,,,,,,,,,,,,,,,,,,,,,,,,0.6815735210562932,,,,0.8894530451862457,,,,,,,,,,,,,,,,0.732310590589339,,,,,,,,,0.653511628782032,,,,,,,,,,,,,,,,,,,,,,,,,,,,,,,,,,,,,,,,,,,,,,,,
ERS396406_17.hgm,,,,,,,,,,,,,,,,,,,,,1.1075445985257113,,,,,,,,,,,0.6725301222909797,,,,0.8031538141624806,,,,,,,,,,,,,1.1071415536350504,,,,1.0797410037764978,,,,,,0.6375638479590146,,,,,,,0.5524687218073564,,,,0.6473026518418251,,,,,0.6155391323079695,,,,0.663734795726099,,0.7886171974238179,0.7500016295507044,,,,,,,,,,,,,,,,,,0.6519323950834329,,,,,,0.640547593914353,,,,,,,,,,,,,,,,,,,,,,,,,,,,,
ERS396428_22.hgm,,,,,,,,,,,,,,,,,,,,,0.4514467637763697,,,,,,,,,,,,,,,0.44744580778160586,,,,,,,,0.5552280063821492,,,,,0.42080492846122086,,,0.36708088256516597,0.5281352289245661,,,,,,,,,0.52869288042931,,,,,0.47728542198942975,,,,,,,,,0.4798296433608733,,,,,,,,,,,,,,,,,,,,,,,,,,,,,,,,,,,,,,,,,,,,,,,,,,,,,,,,,,,0.36009906994948776
ERS396436_36.hgm,,,,,,,,,0.6072254185413265,,,0.735078293946979,,,,,,,,,1.0101002760991937,,,1.1894963802973133,,,,,,,,0.7600789392360584,,,,0.8845070440138579,,,,,1.144654783685712,,,0.835497365514936,1.0276918309643388,,,1.0905893287078932,0.9371910346223367,,,0.7562059198210713,0.771589149281334,1.1764583632995966,,,1.0723883038327933,,0.8271770748031393,,,1.1342689751719917,,,,,0.9836013180461217,,,,,,,0.9148655552638241,,1.0659349241918443,,,,,0.8930633676450085,0.7369780790414635,,,,,,,,,0.8782247167534201,,,0.8671279055843366,,,,,,,,,,0.7675872006215771,,,,,,,,,,,,,,,,,,,,,,,,,,,,,,,
ERS396486_17.hgm,,,,,0.5961355053384271,,,,,,,,,,,,,,,,,,,,,,,,,,,,,,1.029242539689338,,,,,,,,,,,,,,,,,,,,,,,0.6152997502268555,,,,,,,,0.4058445744274493,,,,,,,0.7449016948865697,,,,,0.6128638963909842,,,,,,,,,,,,,,,,,,,,,,,,,,,,,,,,,,,,,,,,,,,,,,,,,,,,,,,,,
ERS396509_31.hgm,,,,,,,0.8831733416529829,,,,,0.884842366071887,,,,,,0.7005651940661042,,,0.8819440062392259,,,,,,,,,,,,,,,,,,,,,0.8180981199985897,,,,,,,,,,,0.7330464773265244,,,0.909011936073493,,,0.5737557922783058,,,,,,,0.6863935431361349,,,,,,,,,,,,,,,,,,,,,,,,,,,,,,,,,,,,,,,,,,,,,,,,,,,,,,,,,,,,,,,,,,,,,
ERS473221_34.hgm,,,,,,,,0.21681432803115466,,,,,,,,,,,,,,,,,,,,,,,,0.5737521226246083,,,,,,,0.5498263002151408,,,,,,,,,0.544111620273699,0.5624590803710104,,,,,,,,,,,,,,,,,,0.531942386449119,,,,,,,,,0.6475884764537982,,0.3533368216851793,,,,,,,,,,,,,,,,,,,,,,,,,,,,,,,,,,,,,,,,,,,,,,,,,,,,,,,,,
ERS473296_9.hgm,,,,,,,,,,,0.6885216316390064,,,,,,,,,,,,,,,,,,0.6054009023862343,0.4068100611599864,,,,,,,,,,0.5920140314021465,,,0.48237841153090694,,,1.0953689220678102,,,0.38295400936474305,,1.1642862683086053,0.45169594406793606,,,0.38852454817225424,,,,0.5082338311884879,,1.149394068517672,0.48514219361774524,,,,0.4731350588139472,0.4894548658363713,0.6321340854076193,,,,,,,,0.4984077722759879,,,,0.6019643131300848,,,,,0.46103103244138016,,,,,,0.4706178388482159,,,,,,,,,,,0.5398170534518411,,,,,,,,,,,,,,,,,,0.4561357284492377,,,,,,,,,0.8104446935364071,,,,,,
ERS473389_10.hgm,,,,,,,,,,,,,,,,,,,,,,,,,,,,,,,,0.9256765973179805,,,,0.884836550333645,,,,,,,,,,,,,,,,0.7377806672560264,,,,,1.0171850442975083,,1.06198800218865,,,,,,,,,,,,,0.7125943772537241,,,,,,,,,,,,,,0.7134247129667516,,,,,,,,,,,,,,,,,,,,,,,,,,,,,,,,,,,,,,,,,,,,,,,,,
ERS473396_18.hgm,,,,,,,,,0.3095455677916864,,,0.34957105635255176,,,0.3987822400639198,,0.54612451857518,,,,,,,,,,0.5037028557455033,,,0.1458878055439037,,,,,,,,,,,,0.5686255559189567,,,,,,,,,,,,,,,,,,,,,,,,0.6475617801031474,,,,,,,,,0.29960060232041574,0.22381594410848346,,,0.23932109978460692,,,,,,0.5190672098206534,,,0.4129929278955089,,,0.3767219691023746,,,,,,,,,,,,,,,,,,,,,,,,,,,,,,,,,,,,,,,,,,,,
ERS537181_3.hgm,,,,,,,,,,,,,,,,,,,,,,,,,,,,,,,,,,,,,,,,,,,,,,,,,,,,,,,,,,,,,,,,,,,2.420825528285783,,,,0.44912572883287394,,,,,2.204494629813178,,,0.028489029941888573,,,,,,4.114435354605974,,,,,,,,,,,,,,,,,,,,,,,,,,,,,,,,,,,,,,,,,,,,,,,,,,
ERS537194_38.hgm,,,,,0.34791849177338924,,,,,,,,,0.3450461791808567,,,,0.5679811428664822,,,,,0.21591142967911736,,,,,,,,,,,,,0.12844208711042782,,,,,,,,0.4487593284472293,,,,,0.35966977427837044,,,0.3683583708411401,,,,,,,0.23063919786873216,,,,,0.4436612405627445,,,,,,,0.34852836721501107,,,,0.3321924769826271,,,,0.27736410881442974,,0.24916120286598228,,,,,,,,,,,,,0.43757571969760395,,,,,,,,,,,,,,,,0.17790826559107034,,,,,,,,,,,,,,,,,,,,,,,,,
ERS537197_59.hgm,,,,,,,,,,,,,,,,,,,,0.6581006295968104,0.5620615822249981,,,,0.35373700771556954,,,,0.7596214775489112,0.5053746531375418,,0.6050719476337855,,,,0.44085935899651196,,0.5968872791837336,,,,,,0.6347681671943455,,,,,0.6472754411181193,,,0.3361642475401707,,,,,,,0.5610964651197847,,,,0.7202813632853665,,,0.3558845806031476,0.28181350260152765,0.5207869505034205,,,,,0.35119155104138344,0.4209634931870932,,0.2699879921155655,,0.18565759063682377,,,0.4361909466372636,,,,0.6824124255881262,,0.39458505877972583,0.5063831727508256,,,,,,,,,,,,0.5199721492613983,0.21026578959997502,,,,,,0.34981175958325905,,,,,,,,,,,,,0.529108764561831,,,,0.3540616226238823,0.2738118635200103,,,,0.37662817538793597,,,,,0.5249315817947897,0.49259287283844405
ERS537219_61.hgm,,,,,,,,,,,,,,,,,,,,,0.8166893275568556,,,,,,,,,,,,0.9404351247605943,,,0.5887137744359524,,,,,,,,,0.9298128870588496,,0.6643903095425295,0.8300859667210547,0.6782738834079116,,,0.5760831121448802,0.6414643760740635,0.847756690626009,,,0.8487153788044249,,,,,0.8922667771265549,,,,,0.8702379666897211,0.5746666226118086,,0.6564046870768048,,,,,0.7938437013737157,0.8593283540251874,,,0.7053259602419759,,0.4481422487799401,,,,1.0507343182527416,,,,,,,,,0.8287909024263735,,,,,,,,,,,,,,,,,,,,,,,,,,,,,,,,,,,,,,,,,
ERS537233_63.hgm,,,,,,,,,,,,,,,,,,,,,,,,,,,,,,,,,,,,0.7422844291752753,,,,,,,,,,,,,,,,,0.8225329900674176,,,,,,,,,,,,,,,0.5702944723084279,,,,,,0.7049890190624353,,,,,,,0.7033710818849385,,,,,,,,,,,,,,,,,,,,,,,,,,,,,,,,,,,,,,,,,,,,,,,,,,,,,,
ERS537240_18.hgm,,,,,,,,,,,0.9185825823815261,,,,,,,,,,0.7709259426881864,0.6511334833923489,,,,,,,1.138209063913155,,,0.7604270629649016,,,,0.6120421785280695,,,,,0.9021552852113485,,,,,,,,0.8039351034368203,,,,0.7234821359631365,,,0.62399769632385,0.8202340650778072,,0.5444696065188355,,,0.928856907880654,,,,,0.7406183109809117,,,,,,,,,0.6493453379576066,,,,,0.5760636267851398,0.7953331791945925,,,,,,,,,0.5548236846791618,,,0.8152514482599762,,,,,,,,,,,,,,,,,,,,,,,,,,,,,0.7336109344158245,,,,,,,,,,,,
ERS537247_14.hgm,,,,,,,,,,,,,,,,,,,,,,,,,,,,,,0.3160221770083002,,,,,,0.5169962129971685,,0.5028286108161735,,,,,,0.4522840855113477,,,,,,,,0.4643541808299155,0.6191926697356909,,,,,,,,,,,,,,,,,,,,,0.5569889691606397,,,,,,,0.4979801426905022,,,,0.5722342571103741,,,,,,,,,,,,,,,,,,,0.5567435288458386,,,,,0.3293369295441217,,,,,,,,,,,,,,,,,,,,,,,,,,
ERS608501_23.hgm,,,,,,,,,,,,,,,,,,,,,,,,,,,,,0.9207123620897166,,,0.6219806966977733,,,,,,,,,,,,,,,,,,,,,,,,,0.8974922506596447,,0.5653335405286275,,,,,,,,,0.8110229464988509,,,,,,,,,,,,,,,,,,,,,,,,,,,,,,,,,,,,,,,,,,,,,,,,,,,,,,,,,,,,,,,,,,,
ERS608507_35.hgm,,,,,,,,,,,,,,0.8821624998348431,,,,,,,,,,0.6767019022310433,,,,,,0.6917264262398438,,,,,,,,,,,,,,,1.0684198858376202,,,1.0138397272314186,,,,,,,,,,,,,,0.9618657017003095,,,,,0.8419550352973397,,,,,,,0.616609535600259,,,,,,,,,,,,,,,,,,,,,,,,,,,,,,,,,,,,,,,,,,,,,,,,,,,,,,,,,,,,,
ERS608512_1.hgm,,,,,,,,,,,,,,,,,,0.5583022662150582,,,,,,,,,,,,,,,,,,,,,,,,,,,,,,,,,,,,,,,,,,,,,,,,,,,,0.6489845767585205,0.604849743149035,,,,0.6031028248713279,,,,0.5664350321504203,,,,,,,,,,,,,,,,,,,,,,,,,,,,,,,,,,,,,,,,,,,,,,,,,,,,,,,,
ERS608519_44.hgm,,,,,0.5367663161449211,,,0.5279969041480598,,,,,,0.34943795288322704,,,,,,,,,,0.47354501595075227,,,,,,0.5983212355647397,,0.4839944840661734,,,,0.6660901218532846,,,,,,,,0.5675256823781853,0.5406110826498535,,0.4355364255498868,0.48565481022904977,,,,0.5112285223823531,0.5903956153409637,0.26905541947919803,,,,0.46833863122403574,0.5833186584821047,,,0.49979761669033523,,,,,0.5468820048244223,,,0.5026619527765255,0.3922971899434002,,,,0.48115964306997355,0.5623116914646029,,,0.5169128942723877,,0.5215293556772398,,,,,0.5191178854485692,0.5208566910890118,0.5733223356718328,,,,,,0.6372892043817203,,,,,,,,,,,,,,0.37622920072011856,,,,,,,,,,,,,,,,,,,,0.409179252291452,0.44247121211802587,,,,,,
ERS608530_15.hgm,,,,,,,,,,,,,,,,,,,,,,,,,,,,,,,0.8222777978032845,,0.838279182553018,0.5877227976623256,,,,,,0.7164300314494181,,,0.6263567304734371,,,,,,,,,,,,,,,,,,,,,,,,,0.592846738702144,,0.7312460477987084,,,,0.7474525185962226,0.6758219156184563,,,,0.6037191202977107,,,,,,,,,,,,,,,,,,,,,,,,,,,,,,,,,,,,,,,,,,,,,,,,,,,,,,,,
ERS608548_42.hgm,,,,,0.6901775477841938,,,,,,,,,,,,,,,,,,,0.6404028169291898,,,,,,,,,,,,,,,,,,,,,,,0.6747494428789667,,,,,,,,,,,,,,,,,,,,,,,0.6400408571857404,0.6308695495687465,,,,0.6258559024649942,,,,0.6228302390980472,,,,,,,,,0.6105192880882843,,,,,,,,,,,,0.3552854746409885,,,,,,,,,,,,,,,,0.239016437624935,,,,,,,,0.19634245560802413,0.21194308308661208,,,,,,,,,,
ERS608581_67.hgm,,,,,,,0.6050015646175537,,,,0.6486527567737568,,,,,,0.7281547043927937,,,,0.5884168406507828,0.47739074772403034,,,0.42721073232362217,,,,0.5882550202542036,,,0.5765873516291267,,,,,,,,,,,,,,,,,,,,,,,,,,,0.6110422783924222,,,,,,0.43705024735877884,,,,,,,,,,,,,,,,,,,,,,,,,,,,,,,,,,,,,,,,,,,,,,,,,,,,,,,,,,,,,,,,,,,,,,
ERS608584_12.hgm,,,,,,,,,,,,,,,,,1.122902640215845,,,,,0.8830885014054591,,,1.303037819005372,,,,,,,,,,,,,,,,,,,,,0.3963073020571034,,,,,,,,,,,,,,,,,,,,,,,,,,,,,,,,,,,,,,,0.4865253023427054,,,,,,,,,,,,,,,,,,,,,,,,,,,,,,,,,,,,,,,,,,,,,,,,,,
ERS608606_84.hgm,,,,,,,,,,,,,,,,,,,,,,,,0.6744359681711197,,,,,,,,,,,,0.6906437091860104,,,,,,,,,0.8048376150172256,,,0.7545953271946492,,,,,,0.7676125460667982,,,,,,,,0.6733763700638068,,,,,0.7191370331120074,,,,,,,0.719285187508829,,0.7014835637465147,,,,,0.6973104558539025,,,,,,,,,,,,,,,,,,,,,,,,,,,,,,,,,,,,,,,,,,,,,,,,,,,,,,
SRS015264_36.hgm,,,,,,,,,0.5074312948864429,,,0.6210012173804117,,,,,0.5586188724282634,,,,,,,,,,,,,,,,,,,,,,,,,,,,,,,,,,,,,,,,,,0.6245773808125844,,,,,,,,,,,,,,,,,,,,,,,,,,,,,,,,,,,,,,,,,,,,,,,,,,,,,,,,,,,,,,,,,,,0.45165811362680824,,,,,,,,,
SRS020328_21.hgm,,,,,,,,,,,,,,,,,,,,,,,,,,,,,,,,,,,,,,,,,,,,,,,,,,,,0.3596759132370369,,,,,,,,,,0.43911809937232305,,,,,0.3961064176420236,,,,,,,,,,,,,,0.3248441403143008,0.328190772101476,,,,,,,,,,,,,,,,,,,,,,,,,,,,,,,,,,,,,,,,,,,,,0.77452690008034,,,,,,,,
SRS043701_7.hgm,,0.9457466558677744,0.9353455040085202,0.6857923287326335,,,0.40758918722432175,,,,0.49869525457025066,0.9312515590146268,,,,,0.7744337223257477,,,,,,,,,,,,0.5734082887755014,0.6220469854930541,,,0.4769872567318437,,,,,,,,,,0.6381056634254413,0.5122577665140868,,,,,0.7433140315658819,,0.28796793926658537,0.639451250591414,0.6264533770415979,,0.8466571631454337,,,,,0.7331683303409786,0.5198602454033693,,,,0.3962041703210806,,,0.5934203009452435,,,,,0.8115260006595921,0.8842535519853961,,,0.5601874578389202,,,,,,,1.2231881218148457,,0.5920377816009275,,,,,0.7329904666525956,,0.49981800930863374,,,,0.5190648139501095,,,,,,,,,,,,,,,,,0.6236035603619715,,,,,,,,,,,,,,,,,,,,,
SRS050026_15.hgm,,,,,,,,,,,,,,,,,,,,,,,,,,,,,,,,,,,,0.5334582526218652,,0.5183059792851448,,,,,,0.5749307196789795,,,,,,,,,,,,,,,,,,,,,,,,,,,,,,0.44439515298587334,,,,,,,0.501209609235538,0.4647880202044853,,,,,,,,,,,,,,,,,,,,,,0.5564977590929558,,,,,,,,,,,,,,,,,,,,,,,,,,,,,,,
SRS075878_45.hgm,,,,,,,,,,,,,,,,,,,,,,,,,,,,,,,,,,,,,,,,,,0.45121759450553217,,,,,,,0.374076574193179,,,0.31630891584826054,,,,0.4542020224116088,,,,,,,,,,,0.4886870365956664,,,,,,,0.5007021449822713,,0.47901452527981486,,,,,,,,,,,,,,,,,,0.4582131480434712,,,,,,,,,,,,,0.46447472795892925,,,,,,,,,,,,,,,,,,,,,,,,,,,,
SRS077502_20.hgm,,,,,,,,,,,,,,,,,,,,,,,,0.6104902050802326,,,,,,,,,,,,0.40111821675332465,,,,,,,,,,,,,,,,,0.7969034290919533,,,,,,,,,0.594420319453157,,,,,,,,,,,,0.16914288913185674,,,,,,,,,,,,,,,,,,,,,,,,,,,,,,,,0.3727765901740435,,,,,,,,,,,,,,,,,0.40195035455513756,,,,,0.44210423485532924,,,,,,,
SRS077552_27.hgm,,,,,,,0.9412914153669701,,,,,,,,,,,,,,0.7617897757313594,,,0.7704727699218118,,,,,,,,,,,,0.5136160124743692,,,,,,,,0.6783742742147659,0.5706989312108578,,,0.6195272672114126,0.5948894766246512,0.6454471673827028,,0.5247792375900215,0.5324488744609914,0.7241638158606352,,,,,0.6220221025534692,,,0.8259927012747086,,,,,0.7312400625023561,,,,,,,,,0.6390858227361915,,,,,0.4417407162698657,,,,0.5403164158158733,,,,,,,,,0.5246449267111006,,,,,,,,,,0.4133170300520315,,,,,,,,,,,,,,,,,,,,,,,,,,,,,,,
SRS098717_4.hgm,,,,,,,,,,,,,,,,,,0.6289932909951069,,,0.33450126490538445,,,,,,,,,,,,,,,0.27879214245380557,,0.40172187093361933,,,,,,0.4039822177923078,,,0.3637810057957483,,0.3845900633269852,,,0.25928481220857963,0.5151810850024637,,,0.3622546342106298,,,,,,,,,,,,,,,,,0.31828688429477286,0.23625900311052186,,,,0.29780159269525563,,,0.27470297937377747,,,,,,0.32306831530083696,,,,,,,,,,0.24968279020759748,,,,,,,,,,,,,,,,,,,,,,,,,,,,,,,,,,,,,,
SRS1170845_14.hgm,,,,,,,,,,,,,,0.6199071342619485,,,,,,,,,,,,,,,,,,,,,,0.8706992317073395,,0.8439572831451285,,,,,,0.89969246169036,,,,,,,,,0.7555771445082918,,,,,,,,,,,,,,,,,,,,,,,,,,,,0.8902044349358624,0.8679275900216851,,,,,,,,,,,,,,,,,,,,,,,,,,,,,,,,,,,,,,,,,,,,,,,,,,,,,
SRS142712_3.hgm,,,,0.4054048653502338,,,,,,,,,,,,,,,,,,,,,,,,,0.7952361248891723,,,,,,,,,,,,,,,,,0.5446522539368854,,,,,,,,,,,,,,,,,,,,,,,,,,,,,,,,,,,0.5620770054551923,0.6203636314134595,,,,,,,,,,0.5933208917991064,,,,,,,,,,,,,,,,,0.5216036237482917,,0.4911119883462496,,,,,,,,,,,,,,,,,,,,,,,,
SRS143991_10.hgm,,,,,,,,,,,,,,,,,,,,,,,,,,,,,,0.3314675467425771,,0.44406616441448155,,,,,,,,,,,,,,,,,,,,,,,,,,,0.4872797207665871,,,,,0.35561007062902567,,,,,,,,,,,,,,,,,,,,,,,,,,,,,,,,,,,,,,,,0.3463682040393668,,,,,,,,,,,,,,,,,,,,,0.20670489172035672,,,,,,,,,,
SRS144714_48.hgm,,,,,,,,,,,,,,,,,,0.49944043338450633,,,,,,,,,,,,,1.2885241759794406,,1.2353680762775106,1.2088270942941788,,,,,,,,,1.258275570880206,,,,,,,0.4433422845412471,,,,,,,,,,,,,,,,1.2053345597289074,,,,,,0.36118554300679895,,0.35439644970319756,,,,,,,,,,,,,,,,,,,,,,,,,,,,,,,,,,,,,,,,,,,,,,,,,,,,,,,,,,,,,
SRS146764_26.hgm,,,,,,,,,,,,,,,,,,,,,,,,,,,,,,,3.6807696148630655,,3.7032258495948183,3.6139979523100574,,,,,,3.4214571565501637,,,3.623808532771697,,,,,,,,,,,,,,,,,,,,,,,3.6625276596794003,,,,,,,,0.10850740412087476,,,,,,,,,,,,,,,,,,,,,,,,,,,,,,,,,,,,,,,,,,,,,,,,,,,,,,,,,,,,,
SRS1596798_70.hgm,,,,,,,,,,,,,,0.28129414020610916,,,,0.5366471595617026,,,,,,,,,,,,,,,,,,,,0.35400604610501707,0.44070847532981783,,,,,0.30642211224922233,,,0.21972439094693516,0.4042987053751862,,,,,,0.3538884633089977,,,,,0.2904937201305953,,,0.4839431723638642,,,,,0.3390171084957501,,,,,,,,,0.44094840190391993,,,,,0.32349926862007516,,,,,,,,,,,,,0.5318115611938642,,,,,,,,,,,,,,,,,,,,,,,,,,,,,,,,,,,,,,,,,
SRS1596798_81.hgm,,,,,,,,,,,,,,,,,,,,,,,,,,,,,,,,,,,,0.6539007595564397,,,0.8508832423926824,,,,,0.6514816153947228,0.8478154153434744,,,0.7131550565055408,,,0.646746661502963,,,,,,,,,,0.9536923522042434,1.0684215894999896,,,,0.6815341073687894,0.946254091636793,,,,0.3776371286690462,,,,0.44557628081450495,0.9307774105794229,,,,,0.5937012078229623,,,,,,,,,,,,,,,,,,,,,,,,,,,,,,,,,,,,,,,,,,,,,,,,,,,,,,
SRS1596800_42.hgm,,,,,,,,0.7068201902891099,,,,,,0.5689178422887884,,,,1.0337068915696221,,,,,0.7968551313394411,,,,,,,,,,,,,,,0.8033070092074938,,,,,,0.8283620422981643,,,,,,,,0.8473059575263556,0.8604738174978095,,,,,,0.8021626839556706,,,,1.0654758701277183,,,0.913780513276252,,,,,,,,0.7496248041219671,,,,,,,0.7635284936484434,0.5368537053893679,,,,,,,,,,,,,,,,,,,,,,,,,,,,,,,,,,,,,,,,,,,,,,,,,,,,,
SRS1596849_88.hgm,,,,,,,,,,,,,,,,,,0.563820998304869,,,,,,,,,,,,,,,,,,,,,,,0.7879502187300699,,,,,,,,,,,,,,,,0.7983636188767107,,,,,,,,,,,,,,,0.6848962357591677,,,,,,,,,,,,,,,,,,,,,,,,,,,,,,,,0.4875090182375053,,,,,,,,,,,,,,,,,,,,,,,,,,,,,,,
SRS1719567_3.hgm,,,,,,,1.246182880694627,,,,,0.7319375577334444,,,,,,0.9351836653357462,,1.0169988541241606,0.7597734323461705,,,1.1055212854451162,,,,,1.3243552033332824,0.8517357310221166,1.2350380667341936,0.9299048003417697,1.217806669471824,1.0562503803557914,,0.8439518171915241,,,,0.9413801617279235,,1.1912608753985776,0.9346832660016775,,1.1541379194203372,0.7199502360164001,,0.9974140375962064,0.7135382501224764,,1.004667584092309,0.7388079426834248,0.693797809480845,1.118770082342253,,0.8589206301506918,0.925524297948613,0.8330736201029227,0.9272975095284289,,0.9623862970061311,1.1269188099704293,,,,0.8715131824506881,1.0993214009379808,0.9675027720278205,,0.9329381416747818,0.9165221091188299,,,,0.8962498325468781,1.1164759934476063,,0.7898703177896034,0.9670761990702705,,0.7958235444208356,,,,1.1865126767225738,,,,,,1.118662526588282,,,0.989206249385541,,,,,,,,1.0593377319681514,,,,0.8444511544521734,,,,,,,,,,,,,1.0400203465144684,,,,,,,,,1.101691991693418,,,,,,,
SRS1735447_14.hgm,,,,,,,,,,,,,,,,,,,,,,,,,,,,,,,,,,,,0.41611759061177933,,,,,,,,0.3879555175667262,,,0.3324979079794213,,,,,,0.5082174740804067,,,,,,,,,,,,,,,,,,,,,,,,,,,,0.2656646600361114,,,,,,,,,,,,,,,,,,,,,,,,,,,,0.20147575881577706,,,,,,,,,,,,,,,,,,,,,,,,,,
SRS1735557_8.hgm,,,,,,,,,,,,,,,,,,,0.2655751844373921,,,,,0.4401584334923325,,,,,,0.2277561766909293,,,,,,0.4653595408279686,,0.4095593410407776,0.41836051408180913,,,,,0.5359387833045925,0.4472241174066482,,0.4005850835650914,0.3048350740468301,0.2843150374138586,,,0.29740934832066634,0.4880688099903728,0.5532820795083622,,,,0.23043122881005956,0.37943346094981256,,,0.4938574629155353,,,,,0.4617133090210178,,,,,,,0.3361210821788269,,0.43274352592760995,,,,,0.4538936993017596,0.41861349077790866,,,,,,,,,,,,,0.31651483737923247,,,,,,,,,,,,,,,,,0.29341505624959835,,,,,,,,,,,,,,,0.33472439572380414,,0.41008878902529533,,,,,,
SRS1735679_4.hgm,,,,,,,,,,,,,,,,,,0.47544924458057036,,,,,,0.719921064694716,,,,,,,,,,,,0.5947738205284503,,0.5220509300833396,0.7636932694420124,,,,,0.5133062346120939,0.6422040599211254,,,0.6107569471887482,,,,0.4162336943454297,0.5640121696052014,0.7054840173303715,0.5629564353842612,,,0.49748540535403185,,0.5802340365699444,,0.602421632549126,0.6702800553057213,,,,0.5663750212462868,,,,,,0.5133919910021184,0.39315941543208033,,0.5575838288257854,,0.47639650868168165,,,0.45545580661742796,0.34441832687883067,,,,,0.5390370452735753,,,,,0.7025203000820908,,0.6126716417225242,0.4394337357206507,,0.5127290378869577,,,,,,,,,0.7089245667072346,,,0.553039501474974,0.35265936387475827,0.5500980364540365,0.43504730825694593,,,,,,0.568755407491457,,0.620196522084502,,,,,,,,0.6317757734118198,,0.5390961511468277,,,,0.6124335857077254,0.5531547675646074
SRS255124_22.hgm,,,,,,,,,,,,,,,,,,,,,,,,0.6004839960778067,,,,,,,,,,,,,,,0.4926934513517839,,,,,,0.7032382895334306,,,0.7193875042631769,,,,,,0.796499517819828,,,,,,,,0.7346405014491406,,,,0.7547308703095895,0.6889482181205863,,,,,,,,,0.7219674365908543,,,,,,,,,0.6717101900080756,,,,,,,,,,,,,,,,,,,,,,,,,,,,,,,,,,,,,,,,,,,,,,,,,,
SRS255876_1.hgm,,,,,0.31216960443537667,,,,,,,,,,,,,,,,,,,,,,,,,,,,,,,,,,,,,,,,,,,,,,,,,,,,,0.5436018068506558,,,,,,,,,,,,,,,0.31757517658081635,,,,,0.26651784335454914,,,,,,,,,0.23324413169936561,,,,,,,,,,,,,,,,,,,,,,,,,,,,,,,,,,,,,,,,,,,,,,,,
SRS259497_2.hgm,,,,,,,,,,,,,,,,,,,,,,,,,,,,,,,,0.423346639750834,,,,,,,,,,0.6400048386744449,,,,,,,,,,0.5400937740028994,,,,0.6467949779169208,,,,,,,,,,0.5117461513911093,,,,,,,,0.511973057170289,,,,,,,,,,,,,,,,,,,,,,,,,,,,,,,,,,,,,,,,,,,,,,,,,,,,,,,,,,,,,
SRS259526_22.hgm,,,,,,,0.7684353747491275,,,,,,,,,,,,,,,,,,,,,,,,,,,,,,,,,,,,,,,,,,0.8025695655009625,,,,,,,,,,,,,,,,,,,,,0.8188818987811087,,,,,0.8668648164554387,,,,0.8769608752012651,,,,,,,,,,,,,,,,,,,,,,,,,,,,,,,,,,,,,,,,,,,,,,,,,,,,,,,,
SRS283234_19.hgm,,,,,,,,,0.286259166666746,,,0.30743284312967445,,,0.42198379280635984,,0.3518512199413978,,,,,,,,,,0.3539483401341107,,,,,,,,,,,,,,,0.3196565706796463,,,,,,,,,,,,,,0.292407304973433,,,,0.30933711279766996,,,0.39362352519983046,0.30358838174030794,,,,,,0.37582749915048597,0.3166072054638813,,0.37109318885436954,,0.32444616168471646,,,0.2818380003732805,0.34661088029832,,,0.37093488716346357,,,,0.2594313222410799,0.274241984595649,0.3851704515973545,,,,,,,0.17548818984051878,,0.2010200424192363,,,,,,,,,,,,,0.2836960961542932,,,,,,0.24040014648395125,,,,,,,,0.22511514233469312,0.3392269015278542,,,,,0.29827774337329693,,,,,0.27296967895915664
SRS294899_22.hgm,,,,,,,,,,,,,,,,,,,,,,,,0.8787795306240541,,,,,,,,,,,,0.7800808570002483,,,,,,,,0.9405070683630196,0.915546630332005,,,0.8941331908205953,,,,,0.9753412904798354,0.9542348501713993,,,,,,,,0.9296265994450509,,,,,0.8628959701235119,,,,,,,0.9487648554188196,,0.858629363263213,,,,,0.7896716768447117,,,,,,,,,,,,,,,,,,,,,,,,,,,,,,,,,,,,,,,,,,,,,,,,,,,,,,
SRS294993_6.hgm,,,,,,,,,,,,,,,,,,,,,,,,,,,,,,,1.0544301449031577,,0.8726978955952629,0.9617459446711356,,,,,,,,,0.9656683587865569,,,,,,,,,,,,,,,,,0.44470829661481676,,,,,,1.0752608151018137,,,,,,,,,,,,,,,,,,,,,,,,,,,,,,,,,,,,,,,,,,,,,,,,,,,,,,,,,,,,,,,,,,,,,
SRS295010_88.hgm,,,,0.44629320352473983,,,,,,,,,,,,,,,,,,,,,,,,,,,,,,,,,,,,,,0.5673718879903593,,,,,,,,,,,,,,0.643226023191616,,0.4909676232695375,,,,0.681815020024854,,,,,,,,,,,,,,,,,,,,,,,,,,,,,,,,,,,,,,,,,,,,,,,,,,,,,,,,,,,,,,,,,,,,,,,,,
SRS295012_18.hgm,,0.5851322121693229,,,,,,,,,,,,,,,,,,,0.668338257747416,,,0.5470604538073521,,,0.6257075343965572,,,,,,,,,,,,,,,0.7731568558938973,,,,0.5685310241497248,,0.6450149383810153,,,0.5618682761277106,,,,,0.5655926533629154,,,,,0.7131032400585147,,,,,0.5428239714479873,,0.5812615806532966,,,,,,,0.45580554057833705,0.605644466125333,,,0.47651988099788156,,,,,,0.5684701717270906,,,0.6291160013819705,,,0.5777960648820726,,,0.7638248410564767,,,,,,,,,,,,,,,,,,0.6597596588249168,,,,,,,,,,,,,,,,,,,,,,,
SRS311548_12.hgm,0.3122823003013075,0.569229028521815,,0.40822165951502276,0.351666459521311,,,0.4170035654321887,0.4899601001504834,,0.4484897793683004,0.4764587556634776,0.40455684727845864,0.4624021837308937,0.4622412514659148,,,0.6419754832247505,,,0.5503278915436428,,0.4133397990111005,0.517229769000332,0.40851127169973317,,0.4922555371837304,,0.7417481662287833,0.4464025102988937,0.5223945900655073,,0.49008638708518987,0.39314583037923706,,,,,0.4545107531812663,0.653892733927739,0.5766710527675796,,0.5495832886223766,,0.5337918455968599,0.4839639075215584,0.38118957189723046,0.5317842609624022,0.63529103777929,,0.5297987979669821,,,0.7405714033208571,,,0.5299783865298596,,0.5315406675653825,0.4306717953419129,0.5287985166763705,0.5500839558436449,0.6976744729011074,,,0.4938534143986102,0.6061588586985498,0.4079966387790917,,0.6009566857359059,0.38395064441935944,,0.40826860657901487,,0.41167177273615596,0.5386025960733936,0.3545643823581652,0.8225374159218577,0.6010779713386303,,,,0.368096593313656,,0.6261217399991292,,0.41776259128282806,,,,0.31967616884008365,,,0.735041109544881,,,,,,,,0.4149584537143658,,,,,,,,,,,,,,,,,,,,,0.4834934277212359,,,,,,0.6325355227764266,,,,,,
SRS344843_4.hgm,,,,,,,,,,,,,,,,,,,,,,,,,,,,,,,,,,,,,,,,,,,,,,1.0145086131227192,,,,,,,,,,,,,,,,,,,1.0138540190448713,,,0.801635315274243,,,,,,,,,1.2319346482325275,,,,,,,,,,,,,,0.693651501877905,,,,,,,,,,,,,,,,,,,,,,,,,,,,,,,,,,,,,,,,,,,,
SRS372948_2.hgm,,,,,,,,,0.4765449476675224,,,0.5671326522202179,,,0.6857577808137593,,0.7900868444608674,,,,0.7663406070076587,,,0.639325422495415,,,0.746357455449622,,,,,,,,,,,,,,,0.7740179479462268,,,0.6097128059519165,0.7458820515447414,,0.5484972025083433,,,0.8574105150245759,,,,,0.6521534621584194,,,,,0.944491425681785,0.6379978423943172,,,,0.6749895446012661,0.6474117486473695,0.8439268316064806,,,,,0.5217371634326722,,0.37593008986456616,0.7379172866646687,,0.5945195453345931,0.5426012776996325,,,,,,0.5578353316045189,,0.6572026497529294,,,,,,,,,,,,,,,,,,,,,,,,,,,,,,,,,,,,,,,,,,,,,,,,
SRS373047_12.hgm,,,,,,,,0.581981283685043,,,,,,,,,,,,,,,,,,,,,,,,,,,,,,,,,,,,,,,,,,,,,,,0.8340083481394612,,,,,,,,,,,,,,,,,,0.3779009754191322,,,,,,,,,,,,,,,0.5167669783004475,,,0.6444051931739672,,,,,,,,,,,,,,,,,,,,,,,,,,,,,,,,,,,,,,,,,,,,
SRS373206_4.hgm,,,,,,,,,,,,,,,,,,,,,,,,,,,,,,,,,,,,,,,,,,,,,,,,,,,,,,,,,,0.3808780189398704,,0.4160360414542021,,,,,,,,,,,,,0.5141296702231757,,,,,0.460459198461326,,,,,,,,,0.45554712278992504,,,,,,,,0.35483144746114026,,,,,,,,,0.28343673011103176,,0.41612267575367906,,,,,,,,,,,,0.5740753506849193,,,,,,0.32962858495006325,,,,,,0.26164324601762173,,,,,
SRS475698_92.hgm,,,,,,,,,,,,,,,,,,,,,,,,,,,,,,,1.0047546696140748,,1.0212643161729351,0.9731660265569734,,,,,,0.9668780458927777,,,1.0481815680806852,,,,,,,,,,,,,,,,,,,,,,,0.9975496270927856,,,,,,,,,,,,,,,,,,,,,,,,,,,,,,,,,,,,,,,,,,,,,,,,,,,,,,,,,,,,,,,,,,,,,
SRS476024_18.hgm,,,,,,,,,,,,,,,,,,,,,,,,,,,,,,,,,,,,0.8581528172917268,,,,,,,,,,,,,1.0272649982946538,,,,0.7304753961401159,,,,,,,,,,,,,0.6584711919994374,,,,,,0.6902399130591115,,,,,,,,,0.8422187369634357,,,,,,,,,,,,,,,,,,,,,,,,,,,,,,,,,,,,,,,,,,,,,,,,,,,,,,
SRS476328_22.hgm,,,,,,,,,,,,,,,,,,,,,,,,,,,,,,,0.6714221834611945,,0.6227928901668288,0.6670801266965535,,,,,,,,,0.58089952526486,,,,,,,,,,,,,,,,,,,,,,,0.5201827264000364,,,,,,,,,,,,,,,,,,,,,,,,,,,,,,,,,,,,,,,,,,,,,,,,,,,,,,,,,,,,,,,,,,,,,
